,# Tm,Pos,Player,Age,Tm,Pts Won,Pts Max,Share,1st Tm,2nd Tm,3rd Tm,G,MP,PTS,TRB,AST,STL,BLK,FG%,3P%,FT%,WS,WS/48,season
0,1st,C,Dwight Howard,24.0,ORL,610.0,610.0,1.0,122.0,0.0,0.0,82.0,34.7,18.3,13.2,1.8,0.9,2.8,0.612,0.0,0.592,13.2,0.223,2010
1,1st,F,LeBron James,25.0,CLE,610.0,610.0,1.0,122.0,0.0,0.0,76.0,39.0,29.7,7.3,8.6,1.6,1.0,0.503,0.333,0.767,18.5,0.299,2010
2,1st,G,Kobe Bryant,31.0,LAL,604.0,610.0,0.99,119.0,0.0,0.0,73.0,38.8,27.0,5.4,5.0,1.5,0.3,0.456,0.329,0.811,9.4,0.16,2010
3,1st,F,Kevin Durant,21.0,OKC,579.0,610.0,0.949,107.0,0.0,0.0,82.0,39.5,30.1,7.6,2.8,1.4,1.0,0.476,0.365,0.9,16.1,0.238,2010
4,1st,G,Dwyane Wade,28.0,MIA,520.0,610.0,0.852,81.0,0.0,0.0,77.0,36.3,26.6,4.8,6.5,1.8,1.1,0.476,0.3,0.761,13.0,0.224,2010
6,2nd,G,Steve Nash,35.0,PHO,366.0,610.0,0.6,24.0,0.0,0.0,81.0,32.8,16.5,3.3,11.0,0.5,0.1,0.507,0.426,0.938,9.9,0.178,2010
7,2nd,F,Dirk Nowitzki,31.0,DAL,356.0,610.0,0.584,10.0,0.0,0.0,81.0,37.5,25.0,7.7,2.7,0.9,1.0,0.481,0.421,0.915,12.3,0.194,2010
8,2nd,G,Deron Williams,25.0,UTA,343.0,610.0,0.562,14.0,0.0,0.0,76.0,36.9,18.7,4.0,10.5,1.3,0.2,0.469,0.371,0.801,10.3,0.177,2010
9,2nd,F,Carmelo Anthony,25.0,DEN,321.0,610.0,0.526,9.0,0.0,0.0,69.0,38.2,28.2,6.6,3.2,1.3,0.4,0.458,0.316,0.83,7.9,0.145,2010
10,2nd,C,Amar'e Stoudemire,27.0,PHO,239.0,610.0,0.392,2.0,0.0,0.0,82.0,34.6,23.1,8.9,1.0,0.6,1.0,0.557,0.167,0.771,10.7,0.181,2010
12,3rd,C,Andrew Bogut,25.0,MIL,149.0,610.0,0.244,0.0,0.0,0.0,69.0,32.3,15.9,10.2,1.8,0.6,2.5,0.52,0.0,0.629,7.5,0.161,2010
13,3rd,F,Tim Duncan,33.0,SAS,125.0,610.0,0.205,0.0,0.0,0.0,78.0,31.3,17.9,10.1,3.2,0.6,1.5,0.518,0.182,0.725,10.9,0.215,2010
14,3rd,G,Joe Johnson,28.0,ATL,118.0,610.0,0.193,0.0,0.0,0.0,76.0,38.0,21.3,4.6,4.9,1.1,0.1,0.458,0.369,0.818,8.4,0.14,2010
15,3rd,F,Pau Gasol,29.0,LAL,94.0,610.0,0.154,0.0,0.0,0.0,65.0,37.0,18.3,11.3,3.4,0.6,1.7,0.536,0.0,0.79,11.0,0.22,2010
16,3rd,G,Brandon Roy,25.0,POR,87.0,610.0,0.143,0.0,0.0,0.0,65.0,37.2,21.5,4.4,4.7,0.9,0.2,0.473,0.33,0.78,9.1,0.18,2010
18,ORV,C,Chris Bosh,25.0,TOR,80.0,610.0,0.131,0.0,0.0,0.0,70.0,36.1,24.0,10.8,2.4,0.6,1.0,0.518,0.364,0.797,9.6,0.182,2010
19,ORV,G,Rajon Rondo,23.0,BOS,47.0,610.0,0.077,0.0,0.0,0.0,81.0,36.6,13.7,4.4,9.8,2.3,0.1,0.508,0.213,0.621,9.6,0.156,2010
20,ORV,F,David Lee,26.0,NYK,43.0,610.0,0.07,0.0,0.0,0.0,81.0,37.3,20.2,11.7,3.6,1.0,0.5,0.545,0.0,0.812,10.3,0.163,2010
21,ORV,F,Carlos Boozer,28.0,UTA,33.0,610.0,0.054,0.0,0.0,0.0,78.0,34.3,19.5,11.2,3.2,1.1,0.5,0.562,0.0,0.742,9.9,0.178,2010
22,ORV,G,Chauncey Billups,33.0,DEN,24.0,610.0,0.039,0.0,0.0,0.0,73.0,34.1,19.5,3.1,5.6,1.1,0.1,0.418,0.386,0.91,9.5,0.182,2010
23,ORV,F,Zach Randolph,28.0,MEM,20.0,610.0,0.033,0.0,0.0,0.0,81.0,37.7,20.8,11.7,1.8,1.0,0.4,0.488,0.288,0.778,9.7,0.153,2010
24,ORV,C,Al Horford,23.0,ATL,19.0,610.0,0.031,0.0,0.0,0.0,81.0,35.1,14.2,9.9,2.3,0.7,1.1,0.551,1.0,0.789,10.9,0.183,2010
25,ORV,G,Jason Kidd,36.0,DAL,18.0,610.0,0.03,0.0,0.0,0.0,80.0,36.0,10.3,5.6,9.1,1.8,0.4,0.423,0.425,0.808,8.9,0.148,2010
26,ORV,G,Derrick Rose,21.0,CHI,15.0,610.0,0.025,0.0,0.0,0.0,78.0,36.8,20.8,3.8,6.0,0.7,0.3,0.489,0.267,0.766,6.0,0.1,2010
27,ORV,G,Chris Paul,24.0,NOH,14.0,610.0,0.023,0.0,0.0,0.0,45.0,38.0,18.7,4.2,10.7,2.1,0.2,0.493,0.409,0.847,7.3,0.204,2010
28,ORV,G,Manu Ginóbili,32.0,SAS,13.0,610.0,0.021,0.0,0.0,0.0,75.0,28.7,16.5,3.8,4.9,1.4,0.3,0.441,0.377,0.87,9.7,0.216,2010
29,ORV,C,Chris Kaman,27.0,LAC,9.0,610.0,0.015,0.0,0.0,0.0,76.0,34.3,18.5,9.3,1.6,0.5,1.2,0.49,0.0,0.749,2.4,0.044,2010
30,ORV,C,Brook Lopez,21.0,NJN,6.0,610.0,0.01,0.0,0.0,0.0,82.0,36.9,18.8,8.6,2.3,0.7,1.7,0.499,0.0,0.817,7.9,0.125,2010
31,ORV,F,Paul Pierce,32.0,BOS,6.0,610.0,0.01,0.0,0.0,0.0,71.0,34.0,18.3,4.4,3.1,1.2,0.4,0.472,0.414,0.852,8.3,0.165,2010
32,ORV,F,Josh Smith,24.0,ATL,6.0,610.0,0.01,0.0,0.0,0.0,81.0,35.4,15.7,8.7,4.2,1.6,2.1,0.505,0.0,0.618,9.3,0.155,2010
33,ORV,F,Gerald Wallace,27.0,CHA,5.0,610.0,0.008,0.0,0.0,0.0,76.0,41.0,18.2,10.0,2.1,1.5,1.1,0.484,0.371,0.776,11.5,0.177,2010
34,ORV,C,Marcus Camby,35.0,TOT,3.0,610.0,0.005,0.0,0.0,0.0,74.0,31.3,7.5,11.8,2.5,1.3,2.0,0.475,0.286,0.639,6.8,0.142,2010
35,ORV,C,Andrew Bynum,22.0,LAL,2.0,610.0,0.003,0.0,0.0,2.0,65.0,30.4,15.0,8.3,1.0,0.5,1.4,0.57,0.0,0.739,7.8,0.188,2010
36,ORV,F,Danny Granger,26.0,IND,2.0,610.0,0.003,0.0,0.0,2.0,62.0,36.7,24.1,5.5,2.8,1.5,0.8,0.428,0.361,0.848,6.2,0.131,2010
37,ORV,F,Kevin Garnett,33.0,BOS,1.0,610.0,0.002,0.0,0.0,1.0,69.0,29.9,14.3,7.3,2.7,1.0,0.8,0.521,0.2,0.837,7.3,0.171,2010
38,ORV,G,Tony Parker,27.0,SAS,1.0,610.0,0.002,0.0,0.0,1.0,56.0,30.9,16.0,2.4,5.7,0.5,0.1,0.487,0.294,0.756,3.6,0.101,2010
39,ORV,F,David West,29.0,NOH,1.0,610.0,0.002,0.0,0.0,1.0,81.0,36.4,19.0,7.5,3.0,0.9,0.7,0.505,0.259,0.865,7.5,0.122,2010
40,ORV,G,Mo Williams,27.0,CLE,1.0,610.0,0.002,0.0,0.0,1.0,69.0,34.2,15.8,3.0,5.3,1.0,0.3,0.442,0.429,0.894,6.7,0.136,2010
41,1st,F,LeBron James,26.0,MIA,595.0,595.0,1.0,119.0,0.0,0.0,79.0,38.8,26.7,7.5,7.0,1.6,0.6,0.51,0.33,0.759,15.6,0.244,2011
42,1st,C,Dwight Howard,25.0,ORL,593.0,595.0,0.997,118.0,1.0,0.0,78.0,37.6,22.9,14.1,1.4,1.4,2.4,0.593,0.0,0.596,14.4,0.235,2011
43,1st,G,Derrick Rose,22.0,CHI,593.0,595.0,0.997,118.0,1.0,0.0,81.0,37.4,25.0,4.1,7.7,1.0,0.6,0.445,0.332,0.858,13.1,0.208,2011
44,1st,G,Kobe Bryant,32.0,LAL,551.0,595.0,0.926,98.0,0.0,0.0,82.0,33.9,25.3,5.1,4.7,1.2,0.1,0.451,0.323,0.828,10.3,0.178,2011
45,1st,F,Kevin Durant,22.0,OKC,492.0,595.0,0.827,69.0,0.0,0.0,78.0,38.9,27.7,6.8,2.7,1.1,1.0,0.462,0.35,0.88,12.0,0.189,2011
47,2nd,F,Dirk Nowitzki,32.0,DAL,437.0,595.0,0.734,47.0,0.0,0.0,73.0,34.3,23.0,7.0,2.6,0.5,0.6,0.517,0.393,0.892,11.1,0.213,2011
48,2nd,C,Amar'e Stoudemire,28.0,NYK,437.0,595.0,0.734,2.0,0.0,0.0,78.0,36.8,25.3,8.2,2.6,0.9,1.9,0.502,0.435,0.792,8.0,0.134,2011
49,2nd,G,Dwyane Wade,29.0,MIA,392.0,595.0,0.659,24.0,0.0,0.0,76.0,37.1,25.5,6.4,4.6,1.5,1.1,0.5,0.306,0.758,12.8,0.218,2011
50,2nd,F,Pau Gasol,30.0,LAL,259.0,595.0,0.435,2.0,0.0,0.0,82.0,37.0,18.8,10.2,3.3,0.6,1.6,0.529,0.333,0.823,14.7,0.232,2011
51,2nd,G,Russell Westbrook,22.0,OKC,184.0,595.0,0.309,0.0,0.0,0.0,82.0,34.7,21.9,4.6,8.2,1.9,0.4,0.442,0.33,0.842,9.4,0.159,2011
53,3rd,G,Chris Paul,25.0,NOH,157.0,595.0,0.264,0.0,0.0,0.0,80.0,36.0,15.9,4.1,9.8,2.4,0.1,0.463,0.388,0.878,13.9,0.232,2011
54,3rd,F,LaMarcus Aldridge,25.0,POR,135.0,595.0,0.227,0.0,0.0,0.0,81.0,39.6,21.8,8.8,2.1,1.0,1.2,0.5,0.174,0.791,11.1,0.166,2011
55,3rd,G,Manu Ginóbili,33.0,SAS,106.0,595.0,0.178,0.0,0.0,0.0,80.0,30.3,17.4,3.7,4.9,1.5,0.4,0.433,0.349,0.871,9.9,0.195,2011
56,3rd,F,Zach Randolph,29.0,MEM,67.0,595.0,0.113,0.0,0.0,0.0,75.0,36.3,20.1,12.2,2.2,0.8,0.3,0.503,0.186,0.758,10.5,0.185,2011
57,3rd,C,Al Horford,24.0,ATL,62.0,595.0,0.104,0.0,0.0,0.0,77.0,35.1,15.3,9.3,3.5,0.8,1.0,0.557,0.5,0.798,10.1,0.179,2011
59,ORV,G,Rajon Rondo,24.0,BOS,68.0,595.0,0.114,0.0,0.0,0.0,68.0,37.2,10.6,4.4,11.2,2.3,0.2,0.475,0.233,0.568,6.6,0.126,2011
60,ORV,F,Paul Pierce,33.0,BOS,55.0,595.0,0.092,0.0,0.0,0.0,80.0,34.7,18.9,5.4,3.3,1.0,0.6,0.497,0.374,0.86,11.6,0.201,2011
61,ORV,F,Carmelo Anthony,26.0,TOT,53.0,595.0,0.089,0.0,0.0,0.0,77.0,35.7,25.6,7.3,2.9,0.9,0.6,0.455,0.378,0.838,7.9,0.138,2011
62,ORV,F,Kevin Love,22.0,MIN,48.0,595.0,0.081,0.0,0.0,0.0,73.0,35.8,20.2,15.2,2.5,0.6,0.4,0.47,0.417,0.85,11.4,0.21,2011
63,ORV,F,Tim Duncan,34.0,SAS,43.0,595.0,0.072,0.0,0.0,0.0,76.0,28.4,13.4,8.9,2.7,0.7,1.9,0.5,0.0,0.716,7.7,0.171,2011
64,ORV,F,Blake Griffin,21.0,LAC,36.0,595.0,0.061,0.0,0.0,0.0,82.0,38.0,22.5,12.1,3.8,0.8,0.5,0.506,0.292,0.642,9.8,0.152,2011
65,ORV,G,Tony Parker,28.0,SAS,27.0,595.0,0.045,0.0,0.0,0.0,78.0,32.4,17.5,3.1,6.6,1.2,0.0,0.519,0.357,0.769,8.2,0.156,2011
66,ORV,F,Kevin Garnett,34.0,BOS,22.0,595.0,0.037,0.0,0.0,0.0,71.0,31.3,14.9,8.9,2.4,1.3,0.8,0.528,0.2,0.862,9.0,0.194,2011
67,ORV,G,Deron Williams,26.0,TOT,19.0,595.0,0.032,0.0,0.0,0.0,65.0,37.9,20.1,4.0,10.3,1.2,0.2,0.439,0.331,0.845,7.3,0.142,2011
68,ORV,G,Steve Nash,36.0,PHO,17.0,595.0,0.029,0.0,0.0,0.0,75.0,33.3,14.7,3.5,11.4,0.6,0.1,0.492,0.395,0.912,7.9,0.153,2011
69,ORV,C,Andrew Bogut,26.0,MIL,13.0,595.0,0.022,0.0,0.0,0.0,65.0,35.3,12.8,11.1,2.0,0.7,2.6,0.495,0.0,0.442,5.4,0.112,2011
70,ORV,G,Monta Ellis,25.0,GSW,11.0,595.0,0.018,0.0,0.0,0.0,80.0,40.3,24.1,3.5,5.6,2.1,0.3,0.451,0.361,0.789,6.0,0.089,2011
71,ORV,F,Nenê,28.0,DEN,11.0,595.0,0.018,0.0,0.0,0.0,75.0,30.5,14.5,7.6,2.0,1.1,1.0,0.615,0.2,0.711,9.6,0.201,2011
72,ORV,C,Andrew Bynum,23.0,LAL,9.0,595.0,0.015,0.0,0.0,0.0,54.0,27.8,11.3,9.4,1.4,0.4,2.0,0.574,0.0,0.66,6.6,0.21,2011
73,ORV,C,Tyson Chandler,28.0,DAL,7.0,595.0,0.012,0.0,0.0,0.0,74.0,27.8,10.1,9.4,0.4,0.5,1.1,0.654,0.0,0.732,9.4,0.218,2011
74,ORV,G,Kevin Martin,27.0,HOU,7.0,595.0,0.012,0.0,0.0,0.0,80.0,32.5,23.5,3.2,2.5,1.0,0.2,0.436,0.383,0.888,9.5,0.175,2011
75,ORV,C,Joakim Noah,25.0,CHI,5.0,595.0,0.008,0.0,0.0,0.0,48.0,32.8,11.7,10.4,2.2,1.0,1.5,0.525,0.0,0.739,6.7,0.205,2011
76,ORV,C,Marc Gasol,26.0,MEM,3.0,595.0,0.005,0.0,0.0,0.0,81.0,31.9,11.7,7.0,2.5,0.9,1.7,0.527,0.429,0.748,7.9,0.146,2011
77,ORV,C,Al Jefferson,26.0,UTA,3.0,595.0,0.005,0.0,0.0,0.0,82.0,35.9,18.6,9.7,1.8,0.6,1.9,0.496,0.0,0.761,7.8,0.128,2011
78,ORV,C,Kendrick Perkins,26.0,TOT,3.0,595.0,0.005,0.0,0.0,0.0,29.0,25.6,6.0,8.0,0.9,0.3,0.9,0.515,0.0,0.556,1.0,0.063,2011
79,ORV,C,Andrea Bargnani,25.0,TOR,2.0,595.0,0.003,0.0,0.0,2.0,66.0,35.7,21.4,5.2,1.8,0.5,0.7,0.448,0.345,0.82,2.5,0.052,2011
80,ORV,F,Chris Bosh,26.0,MIA,2.0,595.0,0.003,0.0,0.0,2.0,77.0,36.3,18.7,8.3,1.9,0.8,0.6,0.496,0.24,0.815,10.3,0.177,2011
81,ORV,G,Ray Allen,35.0,BOS,1.0,595.0,0.002,0.0,0.0,1.0,80.0,36.1,16.5,3.4,2.7,1.0,0.2,0.491,0.444,0.881,10.0,0.166,2011
82,ORV,F,Luol Deng,25.0,CHI,1.0,595.0,0.002,0.0,0.0,1.0,82.0,39.1,17.4,5.8,2.8,1.0,0.6,0.46,0.345,0.753,9.9,0.149,2011
83,ORV,G,Eric Gordon,22.0,LAC,1.0,595.0,0.002,0.0,0.0,1.0,56.0,37.7,22.3,2.9,4.4,1.3,0.3,0.45,0.364,0.825,5.3,0.12,2011
84,ORV,F,Andre Iguodala,27.0,PHI,1.0,595.0,0.002,0.0,0.0,1.0,67.0,36.9,14.1,5.8,6.3,1.5,0.6,0.445,0.337,0.693,6.7,0.13,2011
85,ORV,G,Jason Kidd,37.0,DAL,1.0,595.0,0.002,0.0,0.0,1.0,80.0,33.2,7.9,4.4,8.2,1.7,0.4,0.361,0.34,0.87,6.4,0.116,2011
86,ORV,C,Emeka Okafor,28.0,NOH,1.0,595.0,0.002,0.0,0.0,1.0,72.0,31.8,10.3,9.5,0.6,0.6,1.8,0.573,0.0,0.562,6.5,0.136,2011
87,ORV,F,Luis Scola,30.0,HOU,1.0,595.0,0.002,0.0,0.0,1.0,74.0,32.6,18.3,8.2,2.5,0.6,0.6,0.504,0.0,0.738,5.5,0.11,2011
88,ORV,F,Gerald Wallace,28.0,TOT,1.0,595.0,0.002,0.0,0.0,1.0,71.0,37.9,15.7,8.0,2.4,1.5,0.9,0.454,0.333,0.746,6.2,0.111,2011
89,1st,F,LeBron James,27.0,MIA,596.0,600.0,0.993,118.0,2.0,0.0,62.0,37.5,27.1,7.9,6.2,1.9,0.8,0.531,0.362,0.771,14.5,0.298,2012
90,1st,F,Kevin Durant,23.0,OKC,591.0,600.0,0.985,117.0,0.0,0.0,66.0,38.6,28.0,8.0,3.5,1.3,1.2,0.496,0.387,0.86,12.2,0.23,2012
91,1st,G,Kobe Bryant,33.0,LAL,568.0,600.0,0.947,104.0,0.0,0.0,58.0,38.5,27.9,5.4,4.6,1.2,0.3,0.43,0.303,0.845,6.2,0.132,2012
92,1st,G,Chris Paul,26.0,LAC,484.0,600.0,0.807,74.0,0.0,0.0,60.0,36.4,19.8,3.6,9.1,2.5,0.1,0.478,0.371,0.861,12.7,0.278,2012
93,1st,C,Dwight Howard,26.0,ORL,476.0,600.0,0.793,75.0,0.0,0.0,54.0,38.3,20.6,14.5,1.9,1.5,2.1,0.573,0.0,0.491,7.7,0.179,2012
95,2nd,C,Andrew Bynum,24.0,LAL,400.0,600.0,0.667,33.0,0.0,0.0,60.0,35.2,18.7,11.8,1.4,0.5,1.9,0.558,0.2,0.692,8.0,0.183,2012
96,2nd,G,Tony Parker,29.0,SAS,367.0,600.0,0.612,41.0,0.0,0.0,60.0,32.1,18.3,2.9,7.7,1.0,0.1,0.48,0.23,0.799,7.1,0.177,2012
97,2nd,F,Kevin Love,23.0,MIN,365.0,600.0,0.608,16.0,0.0,0.0,55.0,39.0,26.0,13.3,2.0,0.9,0.5,0.448,0.372,0.824,10.0,0.223,2012
98,2nd,G,Russell Westbrook,23.0,OKC,239.0,600.0,0.398,5.0,0.0,0.0,66.0,35.3,23.6,4.6,5.5,1.7,0.3,0.457,0.316,0.823,7.9,0.163,2012
99,2nd,F,Blake Griffin,22.0,LAC,170.0,600.0,0.283,0.0,0.0,0.0,66.0,36.2,20.7,10.9,3.2,0.8,0.7,0.549,0.125,0.521,9.2,0.185,2012
101,3rd,G,Dwyane Wade,30.0,MIA,235.0,600.0,0.392,1.0,0.0,0.0,49.0,33.2,22.1,4.8,4.6,1.7,1.3,0.497,0.268,0.791,7.7,0.227,2012
102,3rd,F,Carmelo Anthony,27.0,NYK,154.0,600.0,0.257,1.0,0.0,0.0,55.0,34.1,22.6,6.3,3.6,1.1,0.4,0.43,0.335,0.804,6.2,0.16,2012
103,3rd,G,Rajon Rondo,25.0,BOS,142.0,600.0,0.237,4.0,0.0,0.0,53.0,36.9,11.9,4.8,11.7,1.8,0.1,0.448,0.238,0.597,4.9,0.121,2012
104,3rd,F,Dirk Nowitzki,33.0,DAL,136.0,600.0,0.227,0.0,0.0,0.0,62.0,33.5,21.6,6.7,2.2,0.7,0.5,0.457,0.368,0.896,7.6,0.175,2012
105,3rd,C,Tyson Chandler,29.0,NYK,60.0,600.0,0.1,4.0,0.0,0.0,62.0,33.2,11.3,9.9,0.9,0.9,1.4,0.679,0.0,0.689,9.5,0.22,2012
107,ORV,F,LaMarcus Aldridge,26.0,POR,55.0,600.0,0.092,0.0,0.0,0.0,55.0,36.3,21.7,8.0,2.4,0.9,0.8,0.512,0.182,0.814,7.0,0.169,2012
108,ORV,C,Marc Gasol,27.0,MEM,52.0,600.0,0.087,0.0,0.0,0.0,65.0,36.5,14.6,8.9,3.1,1.0,1.9,0.482,0.083,0.748,8.2,0.166,2012
109,ORV,G,Derrick Rose,23.0,CHI,44.0,600.0,0.073,0.0,0.0,0.0,39.0,35.3,21.8,3.4,7.9,0.9,0.7,0.435,0.312,0.812,6.0,0.211,2012
110,ORV,F,Josh Smith,26.0,ATL,33.0,600.0,0.055,0.0,0.0,0.0,66.0,35.3,18.8,9.6,3.9,1.4,1.7,0.458,0.257,0.63,6.8,0.139,2012
111,ORV,F,Paul Pierce,34.0,BOS,31.0,600.0,0.052,0.0,0.0,0.0,61.0,34.0,19.4,5.2,4.5,1.1,0.4,0.443,0.366,0.852,7.0,0.161,2012
112,ORV,C,Al Jefferson,27.0,UTA,30.0,600.0,0.05,0.0,0.0,0.0,61.0,34.0,19.2,9.6,2.2,0.8,1.7,0.492,0.25,0.774,7.5,0.173,2012
113,ORV,C,Pau Gasol,31.0,LAL,27.0,600.0,0.045,0.0,0.0,0.0,65.0,37.4,17.4,10.4,3.6,0.6,1.4,0.501,0.259,0.782,8.3,0.165,2012
114,ORV,G,Steve Nash,37.0,PHO,24.0,600.0,0.04,0.0,0.0,0.0,62.0,31.6,12.5,3.0,10.7,0.6,0.1,0.532,0.39,0.894,5.9,0.144,2012
115,ORV,F,Kevin Garnett,35.0,BOS,22.0,600.0,0.037,0.0,0.0,0.0,60.0,31.1,15.8,8.2,2.9,0.9,1.0,0.503,0.333,0.857,6.9,0.178,2012
116,ORV,F,Tim Duncan,35.0,SAS,18.0,600.0,0.03,0.0,0.0,0.0,58.0,28.2,15.4,9.0,2.3,0.7,1.5,0.492,0.0,0.695,5.9,0.174,2012
117,ORV,G,Joe Johnson,30.0,ATL,16.0,600.0,0.027,0.0,0.0,0.0,60.0,35.5,18.8,3.7,3.9,0.8,0.2,0.454,0.388,0.849,6.4,0.145,2012
118,ORV,G,Deron Williams,27.0,NJN,14.0,600.0,0.023,0.0,0.0,0.0,55.0,36.3,21.0,3.3,8.7,1.2,0.4,0.407,0.336,0.843,4.1,0.099,2012
119,ORV,F,Rudy Gay,25.0,MEM,10.0,600.0,0.017,0.0,0.0,0.0,65.0,37.3,19.0,6.4,2.3,1.5,0.8,0.455,0.312,0.791,6.0,0.12,2012
120,ORV,G,James Harden,22.0,OKC,8.0,600.0,0.013,0.0,0.0,0.0,62.0,31.4,16.8,4.1,3.7,1.0,0.2,0.491,0.39,0.846,9.3,0.23,2012
121,ORV,F,Luol Deng,26.0,CHI,5.0,600.0,0.008,0.0,0.0,0.0,54.0,39.4,15.3,6.5,2.9,1.0,0.7,0.412,0.367,0.77,5.8,0.132,2012
122,ORV,C,Roy Hibbert,25.0,IND,5.0,600.0,0.008,0.0,0.0,0.0,65.0,29.8,12.8,8.8,1.7,0.5,2.0,0.497,0.0,0.711,6.2,0.154,2012
123,ORV,G,Manu Ginóbili,34.0,SAS,3.0,600.0,0.005,0.0,0.0,0.0,34.0,23.3,12.9,3.4,4.4,0.7,0.4,0.526,0.413,0.871,4.2,0.257,2012
124,ORV,F,Danny Granger,28.0,IND,3.0,600.0,0.005,0.0,0.0,0.0,62.0,33.3,18.7,5.0,1.8,1.0,0.6,0.416,0.381,0.873,6.7,0.155,2012
125,ORV,C,Joakim Noah,26.0,CHI,3.0,600.0,0.005,0.0,0.0,0.0,64.0,30.4,10.2,9.8,2.5,0.6,1.4,0.508,0.0,0.748,9.0,0.223,2012
126,ORV,F,Chris Bosh,27.0,MIA,2.0,600.0,0.003,0.0,0.0,2.0,57.0,35.2,18.0,7.9,1.8,0.9,0.8,0.487,0.286,0.821,6.9,0.165,2012
127,ORV,G,Monta Ellis,26.0,TOT,2.0,600.0,0.003,0.0,0.0,2.0,58.0,36.6,20.4,3.4,6.0,1.5,0.3,0.433,0.308,0.796,2.6,0.059,2012
128,ORV,C,Marcin Gortat,27.0,PHO,2.0,600.0,0.003,0.0,0.0,2.0,66.0,32.0,15.4,10.0,0.9,0.7,1.5,0.555,0.0,0.649,7.6,0.172,2012
129,ORV,F,Serge Ibaka,22.0,OKC,2.0,600.0,0.003,0.0,0.0,2.0,66.0,27.2,9.1,7.5,0.4,0.5,3.7,0.535,0.333,0.661,6.2,0.167,2012
130,ORV,F,Paul Millsap,26.0,UTA,2.0,600.0,0.003,0.0,0.0,2.0,64.0,32.8,16.6,8.8,2.3,1.8,0.8,0.495,0.226,0.792,7.8,0.179,2012
131,ORV,F,Luis Scola,31.0,HOU,2.0,600.0,0.003,0.0,0.0,2.0,66.0,31.3,15.5,6.5,2.1,0.5,0.4,0.491,0.0,0.773,3.4,0.08,2012
132,ORV,C,DeMarcus Cousins,21.0,SAC,1.0,600.0,0.002,0.0,0.0,1.0,64.0,30.5,18.1,11.0,1.6,1.5,1.2,0.448,0.143,0.702,4.2,0.104,2012
133,ORV,F,David Lee,28.0,GSW,1.0,600.0,0.002,0.0,0.0,1.0,57.0,37.2,20.1,9.6,2.8,0.9,0.4,0.503,0.0,0.782,5.0,0.113,2012
134,1st,F,LeBron James,28.0,MIA,595.0,595.0,1.0,119.0,0.0,0.0,76.0,37.9,26.8,8.0,7.3,1.7,0.9,0.565,0.406,0.753,19.3,0.322,2013
135,1st,F,Kevin Durant,24.0,OKC,555.0,595.0,0.933,102.0,0.0,0.0,81.0,38.5,28.1,7.9,4.6,1.4,1.3,0.51,0.416,0.905,18.9,0.291,2013
136,1st,G,Chris Paul,27.0,LAC,537.0,595.0,0.903,97.0,0.0,0.0,70.0,33.4,16.9,3.7,9.7,2.4,0.1,0.481,0.328,0.885,13.9,0.287,2013
137,1st,G,Kobe Bryant,34.0,LAL,521.0,595.0,0.876,91.0,0.0,0.0,78.0,38.6,27.3,5.6,6.0,1.4,0.3,0.463,0.324,0.839,10.9,0.174,2013
138,1st,C,Tim Duncan,36.0,SAS,392.0,595.0,0.659,45.0,0.0,0.0,69.0,30.1,17.8,9.9,2.7,0.7,2.7,0.502,0.286,0.817,8.3,0.191,2013
140,2nd,F,Carmelo Anthony,28.0,NYK,397.0,595.0,0.667,24.0,0.0,0.0,67.0,37.0,28.7,6.9,2.6,0.8,0.5,0.449,0.379,0.83,9.5,0.184,2013
141,2nd,G,Russell Westbrook,24.0,OKC,306.0,595.0,0.514,20.0,0.0,0.0,82.0,34.9,23.2,5.2,7.4,1.8,0.3,0.438,0.323,0.8,11.6,0.195,2013
142,2nd,C,Marc Gasol,28.0,MEM,295.0,595.0,0.496,38.0,0.0,0.0,80.0,35.0,14.1,7.8,4.0,1.0,1.7,0.494,0.071,0.848,11.5,0.197,2013
143,2nd,G,Tony Parker,30.0,SAS,273.0,595.0,0.459,16.0,0.0,0.0,66.0,32.9,20.3,3.0,7.6,0.8,0.1,0.522,0.353,0.845,9.3,0.206,2013
144,2nd,F,Blake Griffin,23.0,LAC,132.0,595.0,0.222,0.0,0.0,0.0,80.0,32.5,18.0,8.3,3.7,1.2,0.6,0.538,0.179,0.66,10.6,0.196,2013
146,3rd,G,James Harden,23.0,HOU,253.0,595.0,0.425,5.0,0.0,0.0,78.0,38.3,25.9,4.9,5.8,1.8,0.5,0.438,0.368,0.851,12.8,0.206,2013
147,3rd,C,Dwight Howard,27.0,LAL,203.0,595.0,0.341,17.0,0.0,0.0,76.0,35.8,17.1,12.4,1.4,1.1,2.4,0.578,0.167,0.492,7.6,0.134,2013
148,3rd,G,Dwyane Wade,31.0,MIA,145.0,595.0,0.244,3.0,0.0,0.0,69.0,34.7,21.2,5.0,5.1,1.9,0.8,0.521,0.258,0.725,9.6,0.192,2013
149,3rd,F,David Lee,29.0,GSW,79.0,595.0,0.133,0.0,0.0,0.0,79.0,36.8,18.5,11.2,3.5,0.8,0.3,0.519,0.0,0.797,9.1,0.15,2013
150,3rd,F,Paul George,22.0,IND,73.0,595.0,0.123,0.0,0.0,0.0,79.0,37.6,17.4,7.6,4.1,1.8,0.6,0.419,0.362,0.807,9.0,0.145,2013
152,ORV,C,Brook Lopez,24.0,BRK,132.0,595.0,0.222,7.0,0.0,0.0,74.0,30.4,19.4,6.9,0.9,0.4,2.1,0.521,0.0,0.758,9.0,0.191,2013
153,ORV,G,Stephen Curry,24.0,GSW,72.0,595.0,0.121,0.0,0.0,0.0,78.0,38.2,22.9,4.0,6.9,1.6,0.2,0.451,0.453,0.9,11.2,0.18,2013
154,ORV,F,LaMarcus Aldridge,27.0,POR,62.0,595.0,0.104,0.0,0.0,0.0,74.0,37.7,21.1,9.1,2.6,0.8,1.2,0.484,0.143,0.81,7.2,0.124,2013
155,ORV,F,Chris Bosh,28.0,MIA,59.0,595.0,0.099,4.0,0.0,0.0,74.0,33.2,16.6,6.8,1.7,0.9,1.4,0.535,0.284,0.798,9.0,0.175,2013
156,ORV,C,Joakim Noah,27.0,CHI,56.0,595.0,0.094,3.0,0.0,0.0,66.0,36.8,11.9,11.1,4.0,1.2,2.1,0.481,0.0,0.751,7.3,0.145,2013
157,ORV,F,Zach Randolph,31.0,MEM,45.0,595.0,0.076,0.0,0.0,0.0,76.0,34.3,15.4,11.2,1.4,0.8,0.4,0.46,0.087,0.75,7.9,0.145,2013
158,ORV,C,Al Horford,26.0,ATL,31.0,595.0,0.052,2.0,0.0,0.0,74.0,37.2,17.4,10.2,3.2,1.1,1.1,0.543,0.5,0.644,8.8,0.153,2013
159,ORV,F,Paul Pierce,35.0,BOS,24.0,595.0,0.04,0.0,0.0,0.0,77.0,33.4,18.6,6.3,4.8,1.1,0.4,0.436,0.38,0.787,7.2,0.135,2013
160,ORV,C,Al Jefferson,28.0,UTA,20.0,595.0,0.034,1.0,0.0,0.0,78.0,33.1,17.8,9.2,2.1,1.0,1.1,0.494,0.118,0.77,7.7,0.143,2013
161,ORV,C,Tyson Chandler,30.0,NYK,19.0,595.0,0.032,1.0,0.0,0.0,66.0,32.8,10.4,10.7,0.9,0.6,1.1,0.638,0.0,0.694,9.3,0.207,2013
162,ORV,C,Roy Hibbert,26.0,IND,9.0,595.0,0.015,0.0,0.0,0.0,79.0,28.7,11.9,8.3,1.4,0.5,2.6,0.448,0.25,0.741,6.1,0.129,2013
163,ORV,F,Luol Deng,27.0,CHI,8.0,595.0,0.013,0.0,0.0,0.0,75.0,38.7,16.5,6.3,3.0,1.1,0.4,0.426,0.322,0.816,6.3,0.105,2013
164,ORV,F,Kevin Garnett,36.0,BOS,8.0,595.0,0.013,0.0,0.0,0.0,68.0,29.7,14.8,7.8,2.3,1.1,0.9,0.496,0.125,0.786,5.6,0.133,2013
165,ORV,G,Ty Lawson,25.0,DEN,8.0,595.0,0.013,0.0,0.0,0.0,73.0,34.4,16.7,2.7,6.9,1.5,0.1,0.461,0.366,0.756,7.4,0.141,2013
166,ORV,F,Josh Smith,27.0,ATL,7.0,595.0,0.012,0.0,0.0,0.0,76.0,35.3,17.5,8.4,4.2,1.2,1.8,0.465,0.303,0.517,4.2,0.075,2013
167,ORV,G,Deron Williams,28.0,BRK,6.0,595.0,0.01,0.0,0.0,0.0,78.0,36.4,18.9,3.0,7.7,1.0,0.4,0.44,0.378,0.859,10.9,0.184,2013
168,ORV,F,Pau Gasol,32.0,LAL,4.0,595.0,0.007,0.0,0.0,0.0,49.0,33.8,13.7,8.6,4.1,0.5,1.2,0.466,0.286,0.702,3.7,0.107,2013
169,ORV,F,Serge Ibaka,23.0,OKC,4.0,595.0,0.007,0.0,0.0,0.0,80.0,31.1,13.2,7.7,0.5,0.4,3.0,0.573,0.351,0.749,9.4,0.181,2013
170,ORV,C,Ömer Aşık,26.0,HOU,3.0,595.0,0.005,0.0,0.0,0.0,82.0,30.0,10.1,11.7,0.9,0.6,1.1,0.541,0.0,0.562,5.5,0.108,2013
171,ORV,F,Kenneth Faried,23.0,DEN,3.0,595.0,0.005,0.0,0.0,0.0,80.0,28.1,11.5,9.2,1.0,1.0,1.0,0.552,0.0,0.613,7.8,0.167,2013
172,ORV,G,Raymond Felton,28.0,NYK,3.0,595.0,0.005,0.0,0.0,0.0,68.0,34.0,13.9,2.9,5.5,1.4,0.2,0.427,0.36,0.789,4.2,0.087,2013
173,ORV,G,Kyrie Irving,20.0,CLE,3.0,595.0,0.005,0.0,0.0,0.0,59.0,34.7,22.5,3.7,5.9,1.5,0.4,0.452,0.391,0.855,5.3,0.125,2013
174,ORV,F,Carlos Boozer,31.0,CHI,2.0,595.0,0.003,0.0,0.0,2.0,79.0,32.2,16.2,9.8,2.3,0.8,0.4,0.477,0.0,0.731,5.7,0.108,2013
175,ORV,G,Mike Conley,25.0,MEM,2.0,595.0,0.003,0.0,0.0,2.0,80.0,34.5,14.6,2.8,6.1,2.2,0.3,0.44,0.362,0.83,9.9,0.172,2013
176,ORV,F,David West,32.0,IND,2.0,595.0,0.003,0.0,0.0,2.0,73.0,33.4,17.1,7.7,2.9,1.0,0.9,0.498,0.211,0.768,9.1,0.179,2013
177,ORV,F,Rudy Gay,26.0,TOT,1.0,595.0,0.002,0.0,0.0,1.0,75.0,35.8,18.2,6.1,2.7,1.5,0.7,0.416,0.323,0.814,4.0,0.072,2013
178,ORV,F,J.J. Hickson,24.0,POR,1.0,595.0,0.002,0.0,0.0,1.0,80.0,29.0,12.7,10.4,1.1,0.6,0.6,0.562,0.0,0.679,6.9,0.142,2013
179,ORV,F,Andre Iguodala,29.0,DEN,1.0,595.0,0.002,0.0,0.0,1.0,80.0,34.7,13.0,5.3,5.4,1.7,0.7,0.451,0.317,0.574,5.6,0.097,2013
180,ORV,F,Dirk Nowitzki,34.0,DAL,1.0,595.0,0.002,0.0,0.0,1.0,53.0,31.3,17.3,6.8,2.5,0.7,0.7,0.471,0.414,0.86,5.0,0.145,2013
181,ORV,F,Nikola Peković,27.0,MIN,1.0,595.0,0.002,0.0,0.0,1.0,62.0,31.6,16.3,8.8,0.9,0.7,0.8,0.52,0.0,0.744,6.7,0.163,2013
182,ORV,G,Rajon Rondo,26.0,BOS,1.0,595.0,0.002,0.0,0.0,1.0,38.0,37.4,13.7,5.6,11.1,1.8,0.2,0.484,0.24,0.645,3.2,0.108,2013
183,ORV,C,Nikola Vučević,22.0,ORL,1.0,595.0,0.002,0.0,0.0,1.0,77.0,33.2,13.1,11.9,1.9,0.8,1.0,0.519,0.0,0.683,5.7,0.106,2013
184,1st,F,Kevin Durant,25.0,OKC,625.0,625.0,1.0,125.0,0.0,0.0,81.0,38.5,32.0,7.4,5.5,1.3,0.7,0.503,0.391,0.873,19.2,0.295,2014
185,1st,F,LeBron James,29.0,MIA,623.0,625.0,0.997,124.0,1.0,0.0,77.0,37.7,27.1,6.9,6.3,1.6,0.3,0.567,0.379,0.75,15.9,0.264,2014
186,1st,C,Joakim Noah,28.0,CHI,551.0,625.0,0.882,101.0,0.0,0.0,80.0,35.3,12.6,11.3,5.4,1.2,1.5,0.475,0.0,0.737,11.2,0.19,2014
187,1st,G,Chris Paul,28.0,LAC,540.0,625.0,0.864,86.0,0.0,0.0,62.0,35.0,19.1,4.3,10.7,2.5,0.1,0.467,0.368,0.855,12.2,0.27,2014
188,1st,G,James Harden,24.0,HOU,502.0,625.0,0.803,73.0,0.0,0.0,73.0,38.0,25.4,4.7,6.1,1.6,0.4,0.456,0.366,0.866,12.8,0.221,2014
190,2nd,G,Stephen Curry,25.0,GSW,489.0,625.0,0.782,65.0,0.0,0.0,78.0,36.5,24.0,4.3,8.5,1.6,0.2,0.471,0.424,0.885,13.4,0.225,2014
191,2nd,F,Blake Griffin,24.0,LAC,350.0,625.0,0.56,5.0,0.0,0.0,80.0,35.8,24.1,9.5,3.9,1.2,0.6,0.528,0.273,0.715,12.2,0.205,2014
192,2nd,F,Kevin Love,25.0,MIN,237.0,625.0,0.379,2.0,0.0,0.0,77.0,36.3,26.1,12.5,4.4,0.8,0.5,0.457,0.376,0.821,14.3,0.245,2014
193,2nd,C,Dwight Howard,28.0,HOU,226.0,625.0,0.362,9.0,0.0,0.0,71.0,33.7,18.3,12.2,1.8,0.8,1.8,0.591,0.286,0.547,8.0,0.161,2014
194,2nd,G,Tony Parker,31.0,SAS,210.0,625.0,0.336,14.0,0.0,0.0,68.0,29.4,16.7,2.3,5.7,0.5,0.1,0.499,0.373,0.811,5.9,0.141,2014
196,3rd,F,LaMarcus Aldridge,28.0,POR,191.0,625.0,0.306,4.0,0.0,0.0,69.0,36.2,23.2,11.1,2.6,0.9,1.0,0.458,0.2,0.822,7.5,0.144,2014
197,3rd,C,Al Jefferson,29.0,CHA,191.0,625.0,0.306,4.0,0.0,0.0,73.0,35.0,21.8,10.8,2.1,0.9,1.1,0.509,0.2,0.69,7.8,0.146,2014
198,3rd,F,Paul George,23.0,IND,171.0,625.0,0.274,4.0,0.0,0.0,80.0,36.2,21.7,6.8,3.5,1.9,0.3,0.424,0.364,0.864,10.8,0.178,2014
199,3rd,G,Damian Lillard,23.0,POR,115.0,625.0,0.184,2.0,0.0,0.0,82.0,35.8,20.7,3.5,5.6,0.8,0.3,0.424,0.394,0.871,9.6,0.157,2014
200,3rd,G,Goran Dragić,27.0,PHO,115.0,625.0,0.184,1.0,0.0,0.0,76.0,35.1,20.3,3.2,5.9,1.4,0.3,0.505,0.408,0.76,10.3,0.186,2014
202,ORV,F,Carmelo Anthony,29.0,NYK,86.0,625.0,0.138,1.0,0.0,0.0,77.0,38.7,27.4,8.1,3.1,1.2,0.7,0.452,0.402,0.848,10.7,0.172,2014
203,ORV,G,John Wall,23.0,WAS,70.0,625.0,0.112,0.0,0.0,0.0,82.0,36.3,19.3,4.1,8.8,1.8,0.5,0.433,0.351,0.805,7.9,0.128,2014
204,ORV,F,Tim Duncan,37.0,SAS,63.0,625.0,0.101,1.0,0.0,0.0,74.0,29.2,15.1,9.7,3.0,0.6,1.9,0.49,0.0,0.731,7.4,0.164,2014
205,ORV,G,DeMar DeRozan,24.0,TOR,56.0,625.0,0.09,0.0,0.0,0.0,79.0,38.2,22.7,4.3,4.0,1.1,0.4,0.429,0.305,0.824,8.8,0.141,2014
206,ORV,F,Anthony Davis,20.0,NOP,40.0,625.0,0.064,1.0,0.0,0.0,67.0,35.2,20.8,10.0,1.6,1.3,2.8,0.519,0.222,0.791,10.4,0.212,2014
207,ORV,F,Dirk Nowitzki,35.0,DAL,37.0,625.0,0.059,1.0,0.0,0.0,80.0,32.9,21.7,6.2,2.7,0.9,0.6,0.497,0.398,0.899,10.9,0.199,2014
208,ORV,G,Russell Westbrook,25.0,OKC,32.0,625.0,0.051,1.0,0.0,0.0,46.0,30.7,21.8,5.7,6.9,1.9,0.2,0.437,0.318,0.826,5.2,0.178,2014
209,ORV,G,Kyle Lowry,27.0,TOR,29.0,625.0,0.046,0.0,0.0,0.0,79.0,36.2,17.9,4.7,7.4,1.5,0.2,0.423,0.38,0.813,11.7,0.197,2014
210,ORV,C,DeAndre Jordan,25.0,LAC,21.0,625.0,0.034,0.0,0.0,0.0,82.0,35.0,10.4,13.6,0.9,1.0,2.5,0.676,0.0,0.428,11.1,0.186,2014
211,ORV,C,Roy Hibbert,27.0,IND,17.0,625.0,0.027,0.0,0.0,0.0,81.0,29.7,10.8,6.6,1.1,0.4,2.2,0.439,0.4,0.77,5.4,0.108,2014
212,ORV,C,Marc Gasol,29.0,MEM,16.0,625.0,0.026,2.0,0.0,0.0,59.0,33.4,14.6,7.2,3.6,1.0,1.3,0.473,0.182,0.768,5.6,0.137,2014
213,ORV,C,DeMarcus Cousins,23.0,SAC,14.0,625.0,0.022,1.0,0.0,0.0,71.0,32.4,22.7,11.7,2.9,1.5,1.3,0.496,0.0,0.726,7.9,0.166,2014
214,ORV,G,Kyrie Irving,21.0,CLE,7.0,625.0,0.011,0.0,0.0,0.0,71.0,35.2,20.8,3.6,6.1,1.5,0.3,0.43,0.358,0.861,6.7,0.128,2014
215,ORV,G,Dwyane Wade,32.0,MIA,6.0,625.0,0.01,0.0,0.0,0.0,54.0,32.9,19.0,4.5,4.7,1.5,0.5,0.545,0.281,0.733,5.5,0.149,2014
216,ORV,G,Mike Conley,26.0,MEM,4.0,625.0,0.006,0.0,0.0,0.0,73.0,33.5,17.2,2.9,6.0,1.5,0.2,0.45,0.361,0.815,8.2,0.161,2014
217,ORV,F,Serge Ibaka,24.0,OKC,4.0,625.0,0.006,0.0,0.0,0.0,81.0,32.9,15.1,8.8,1.0,0.5,2.7,0.536,0.383,0.784,9.6,0.173,2014
218,ORV,G,Joe Johnson,32.0,BRK,4.0,625.0,0.006,0.0,0.0,0.0,79.0,32.6,15.8,3.4,2.7,0.6,0.1,0.454,0.401,0.815,4.9,0.091,2014
219,ORV,F,Zach Randolph,32.0,MEM,4.0,625.0,0.006,0.0,0.0,0.0,79.0,34.2,17.4,10.1,2.5,0.7,0.3,0.467,0.1,0.742,6.4,0.113,2014
220,ORV,G,Lance Stephenson,23.0,IND,3.0,625.0,0.005,0.0,0.0,0.0,78.0,35.3,13.8,7.2,4.6,0.7,0.1,0.491,0.352,0.711,7.4,0.13,2014
221,ORV,G,Ty Lawson,26.0,DEN,2.0,625.0,0.003,0.0,0.0,2.0,62.0,35.8,17.6,3.5,8.8,1.6,0.2,0.431,0.356,0.798,6.3,0.136,2014
222,ORV,F,Paul Millsap,28.0,ATL,2.0,625.0,0.003,0.0,0.0,2.0,74.0,33.5,17.9,8.5,3.1,1.7,1.1,0.461,0.358,0.731,6.7,0.129,2014
223,ORV,F,Chris Bosh,29.0,MIA,1.0,625.0,0.002,0.0,0.0,1.0,79.0,32.0,16.2,6.6,1.1,1.0,1.0,0.516,0.339,0.82,8.0,0.152,2014
224,ORV,C,Andre Drummond,20.0,DET,1.0,625.0,0.002,0.0,0.0,1.0,81.0,32.3,13.5,13.2,0.4,1.2,1.6,0.623,0.0,0.418,9.9,0.182,2014
225,ORV,G,Monta Ellis,28.0,DAL,1.0,625.0,0.002,0.0,0.0,1.0,82.0,36.9,19.0,3.6,5.7,1.7,0.3,0.451,0.33,0.788,4.9,0.078,2014
226,ORV,F,Kawhi Leonard,22.0,SAS,1.0,625.0,0.002,0.0,0.0,1.0,66.0,29.1,12.8,6.2,2.0,1.7,0.8,0.522,0.379,0.802,7.7,0.193,2014
227,1st,G,Stephen Curry,26.0,GSW,645.0,645.0,1.0,129.0,0.0,0.0,80.0,32.7,23.8,4.3,7.7,2.0,0.2,0.487,0.443,0.914,15.7,0.288,2015
228,1st,F,LeBron James,30.0,CLE,645.0,645.0,1.0,129.0,0.0,0.0,69.0,36.1,25.3,6.0,7.4,1.6,0.7,0.488,0.354,0.71,10.4,0.199,2015
229,1st,G,James Harden,25.0,HOU,637.0,645.0,0.988,125.0,0.0,0.0,81.0,36.8,27.4,5.7,7.0,1.9,0.7,0.44,0.375,0.868,16.4,0.265,2015
230,1st,F,Anthony Davis,21.0,NOP,625.0,645.0,0.969,119.0,0.0,0.0,68.0,36.1,24.4,10.2,2.2,1.5,2.9,0.535,0.083,0.805,14.0,0.274,2015
231,1st,C,Marc Gasol,30.0,MEM,453.0,645.0,0.702,65.0,0.0,0.0,81.0,33.2,17.4,7.8,3.8,0.9,1.6,0.494,0.176,0.795,10.2,0.182,2015
233,2nd,G,Russell Westbrook,26.0,OKC,397.0,645.0,0.616,10.0,0.0,0.0,67.0,34.4,28.1,7.3,8.6,2.1,0.2,0.426,0.299,0.835,10.6,0.222,2015
234,2nd,F,LaMarcus Aldridge,29.0,POR,390.0,645.0,0.605,13.0,0.0,0.0,71.0,35.4,23.4,10.2,1.7,0.7,1.0,0.466,0.352,0.845,8.6,0.165,2015
235,2nd,G,Chris Paul,29.0,LAC,335.0,645.0,0.519,1.0,0.0,0.0,82.0,34.8,19.1,4.6,10.2,1.9,0.2,0.485,0.398,0.9,16.1,0.27,2015
236,2nd,F,Pau Gasol,34.0,CHI,242.0,645.0,0.375,15.0,0.0,0.0,78.0,34.4,18.5,11.8,2.7,0.3,1.9,0.494,0.462,0.803,10.4,0.187,2015
237,2nd,C,DeMarcus Cousins,24.0,SAC,220.0,645.0,0.341,18.0,0.0,0.0,59.0,34.1,24.1,12.7,3.6,1.5,1.7,0.467,0.25,0.782,6.0,0.144,2015
239,3rd,F,Blake Griffin,25.0,LAC,189.0,645.0,0.293,2.0,0.0,0.0,67.0,35.2,21.9,7.6,5.3,0.9,0.5,0.502,0.4,0.728,9.0,0.183,2015
240,3rd,C,DeAndre Jordan,26.0,LAC,175.0,645.0,0.271,12.0,0.0,0.0,82.0,34.4,11.5,15.0,0.7,1.0,2.2,0.71,0.25,0.397,12.8,0.217,2015
241,3rd,F,Tim Duncan,38.0,SAS,167.0,645.0,0.259,6.0,0.0,0.0,77.0,28.9,13.9,9.1,3.0,0.8,2.0,0.512,0.286,0.74,9.6,0.207,2015
242,3rd,G,Klay Thompson,24.0,GSW,122.0,645.0,0.189,0.0,0.0,0.0,77.0,31.9,21.7,3.2,2.9,1.1,0.8,0.463,0.439,0.879,8.8,0.172,2015
243,3rd,G,Kyrie Irving,22.0,CLE,112.0,645.0,0.174,0.0,0.0,0.0,75.0,36.4,21.7,3.2,5.2,1.5,0.3,0.468,0.415,0.863,10.4,0.183,2015
245,ORV,F,Kawhi Leonard,23.0,SAS,155.0,645.0,0.24,0.0,0.0,0.0,64.0,31.8,16.5,7.2,2.5,2.3,0.8,0.479,0.349,0.802,8.6,0.204,2015
246,ORV,F,Paul Millsap,29.0,ATL,70.0,645.0,0.109,0.0,0.0,0.0,73.0,32.7,16.7,7.8,3.1,1.8,0.9,0.476,0.356,0.757,8.3,0.166,2015
247,ORV,C,Al Horford,28.0,ATL,64.0,645.0,0.099,1.0,0.0,0.0,76.0,30.5,15.2,7.2,3.2,0.9,1.3,0.538,0.306,0.759,8.7,0.179,2015
248,ORV,G,John Wall,24.0,WAS,50.0,645.0,0.078,0.0,0.0,0.0,79.0,35.9,17.6,4.6,10.0,1.7,0.6,0.445,0.3,0.785,7.8,0.132,2015
249,ORV,G,Jimmy Butler,25.0,CHI,32.0,645.0,0.05,0.0,0.0,0.0,65.0,38.7,20.0,5.8,3.3,1.8,0.6,0.462,0.378,0.834,11.2,0.214,2015
250,ORV,G,Damian Lillard,24.0,POR,22.0,645.0,0.034,0.0,0.0,0.0,82.0,35.7,21.0,4.6,6.2,1.2,0.3,0.434,0.343,0.864,10.6,0.174,2015
251,ORV,F,Draymond Green,24.0,GSW,9.0,645.0,0.014,0.0,0.0,0.0,79.0,31.5,11.7,8.2,3.7,1.6,1.3,0.443,0.337,0.66,8.5,0.163,2015
252,ORV,F,Zach Randolph,33.0,MEM,7.0,645.0,0.011,0.0,0.0,0.0,71.0,32.5,16.1,10.5,2.2,1.0,0.2,0.487,0.35,0.765,7.2,0.149,2015
253,ORV,G,Jeff Teague,26.0,ATL,7.0,645.0,0.011,0.0,0.0,0.0,73.0,30.5,15.9,2.5,7.0,1.7,0.4,0.46,0.343,0.862,7.7,0.166,2015
254,ORV,C,Andrew Bogut,30.0,GSW,6.0,645.0,0.009,0.0,0.0,0.0,67.0,23.6,6.3,8.1,2.7,0.6,1.7,0.563,0.0,0.524,5.2,0.159,2015
255,ORV,C,Nikola Vučević,24.0,ORL,6.0,645.0,0.009,0.0,0.0,0.0,74.0,34.2,19.3,10.9,2.0,0.7,0.7,0.523,0.333,0.752,7.0,0.133,2015
256,ORV,G,DeMar DeRozan,25.0,TOR,3.0,645.0,0.005,0.0,0.0,0.0,60.0,35.0,20.1,4.6,3.5,1.2,0.2,0.413,0.284,0.832,4.0,0.09,2015
257,ORV,F,Rudy Gay,28.0,SAC,3.0,645.0,0.005,0.0,0.0,0.0,68.0,35.4,21.1,5.9,3.7,1.0,0.6,0.455,0.359,0.858,6.1,0.122,2015
258,ORV,C,Andre Drummond,21.0,DET,2.0,645.0,0.003,0.0,0.0,0.0,82.0,30.5,13.8,13.5,0.7,0.9,1.9,0.514,0.0,0.389,7.7,0.147,2015
259,ORV,F,Gordon Hayward,24.0,UTA,2.0,645.0,0.003,0.0,0.0,0.0,76.0,34.4,19.3,4.9,4.1,1.4,0.4,0.445,0.364,0.812,8.7,0.159,2015
260,ORV,F,Kyle Korver,33.0,ATL,2.0,645.0,0.003,0.0,0.0,0.0,75.0,32.2,12.1,4.1,2.6,0.7,0.6,0.487,0.492,0.898,7.5,0.148,2015
261,ORV,C,Joakim Noah,29.0,CHI,2.0,645.0,0.003,0.0,0.0,0.0,67.0,30.6,7.2,9.6,4.7,0.7,1.1,0.445,0.0,0.603,5.6,0.13,2015
262,ORV,F,Dirk Nowitzki,36.0,DAL,2.0,645.0,0.003,0.0,0.0,0.0,77.0,29.6,17.3,5.9,1.9,0.5,0.4,0.459,0.38,0.882,7.2,0.152,2015
263,ORV,G,Dwyane Wade,33.0,MIA,2.0,645.0,0.003,0.0,0.0,0.0,62.0,31.8,21.5,3.5,4.8,1.2,0.3,0.47,0.284,0.768,3.5,0.086,2015
264,ORV,F,Carmelo Anthony,30.0,NYK,1.0,645.0,0.002,0.0,0.0,0.0,40.0,35.7,24.2,6.6,3.1,1.0,0.4,0.444,0.341,0.797,2.9,0.097,2015
265,ORV,C,Tyson Chandler,32.0,DAL,1.0,645.0,0.002,0.0,0.0,0.0,75.0,30.5,10.3,11.5,1.1,0.6,1.2,0.666,0.0,0.72,10.3,0.216,2015
266,ORV,G,Mike Conley,27.0,MEM,1.0,645.0,0.002,0.0,0.0,0.0,70.0,31.8,15.8,3.0,5.4,1.3,0.2,0.446,0.386,0.859,6.8,0.147,2015
267,ORV,C,Brook Lopez,26.0,BRK,1.0,645.0,0.002,0.0,0.0,0.0,72.0,29.2,17.2,7.4,0.7,0.6,1.8,0.513,0.1,0.814,7.0,0.159,2015
268,ORV,F,Kevin Love,26.0,CLE,1.0,645.0,0.002,0.0,0.0,0.0,75.0,33.8,16.4,9.7,2.2,0.7,0.5,0.434,0.367,0.804,8.7,0.165,2015
269,ORV,G,Kyle Lowry,28.0,TOR,1.0,645.0,0.002,0.0,0.0,0.0,70.0,34.5,17.8,4.7,6.8,1.6,0.2,0.412,0.338,0.808,7.1,0.141,2015
270,ORV,G,Khris Middleton,23.0,MIL,1.0,645.0,0.002,0.0,0.0,0.0,79.0,30.1,13.4,4.4,2.3,1.5,0.1,0.467,0.407,0.859,6.7,0.135,2015
271,1st,G,Stephen Curry,27.0,GSW,645.0,645.0,1.0,129.0,0.0,0.0,79.0,34.2,30.1,5.4,6.7,2.1,0.2,0.504,0.454,0.908,17.9,0.318,2016
272,1st,F,LeBron James,31.0,CLE,637.0,645.0,0.988,125.0,4.0,0.0,76.0,35.6,25.3,7.4,6.8,1.4,0.6,0.52,0.309,0.731,13.6,0.242,2016
273,1st,G,Russell Westbrook,27.0,OKC,627.0,645.0,0.972,120.0,9.0,0.0,80.0,34.4,23.5,7.8,10.4,2.0,0.3,0.454,0.296,0.812,14.0,0.245,2016
274,1st,F,Kawhi Leonard,24.0,SAS,575.0,645.0,0.891,94.0,35.0,0.0,72.0,33.1,21.2,6.8,2.6,1.8,1.0,0.506,0.443,0.874,13.7,0.277,2016
275,1st,C,DeAndre Jordan,27.0,LAC,317.0,645.0,0.491,39.0,36.0,14.0,77.0,33.7,12.7,13.8,1.2,0.7,2.3,0.703,0.0,0.43,11.5,0.213,2016
277,2nd,F,Kevin Durant,27.0,OKC,452.0,645.0,0.701,36.0,90.0,2.0,72.0,35.8,28.2,8.2,5.0,1.0,1.2,0.505,0.387,0.898,14.5,0.27,2016
278,2nd,F,Draymond Green,25.0,GSW,431.0,645.0,0.668,40.0,74.0,9.0,81.0,34.7,14.0,9.5,7.4,1.5,1.4,0.49,0.388,0.696,11.1,0.19,2016
279,2nd,G,Chris Paul,30.0,LAC,353.0,645.0,0.547,8.0,101.0,10.0,74.0,32.7,19.5,4.2,10.0,2.1,0.2,0.462,0.371,0.896,12.7,0.253,2016
280,2nd,C,DeMarcus Cousins,25.0,SAC,277.0,645.0,0.429,32.0,28.0,33.0,65.0,34.6,26.9,11.5,3.3,1.6,1.4,0.451,0.333,0.718,5.7,0.122,2016
281,2nd,G,Damian Lillard,25.0,POR,217.0,645.0,0.336,0.0,48.0,73.0,75.0,35.7,25.1,4.0,6.8,0.9,0.4,0.419,0.375,0.892,9.2,0.165,2016
283,3rd,C,Andre Drummond,22.0,DET,173.0,645.0,0.268,13.0,26.0,30.0,81.0,32.9,16.2,14.8,0.8,1.5,1.4,0.521,0.333,0.355,7.4,0.133,2016
284,3rd,G,Klay Thompson,25.0,GSW,164.0,645.0,0.254,0.0,37.0,53.0,80.0,33.3,22.1,3.8,2.1,0.8,0.6,0.47,0.425,0.873,8.0,0.144,2016
285,3rd,F,Paul George,25.0,IND,157.0,645.0,0.243,0.0,28.0,73.0,81.0,34.8,23.1,7.0,4.1,1.9,0.4,0.418,0.371,0.86,9.2,0.157,2016
286,3rd,G,Kyle Lowry,29.0,TOR,155.0,645.0,0.24,0.0,35.0,50.0,77.0,37.0,21.2,4.7,6.4,2.1,0.4,0.427,0.388,0.811,11.6,0.196,2016
287,3rd,F,LaMarcus Aldridge,30.0,SAS,103.0,645.0,0.16,3.0,11.0,55.0,74.0,30.6,18.0,8.5,1.5,0.5,1.1,0.513,0.0,0.858,10.1,0.215,2016
289,ORV,G,James Harden,26.0,HOU,106.0,645.0,0.164,0.0,0.0,0.0,82.0,38.1,29.0,6.1,7.5,1.7,0.6,0.439,0.359,0.86,13.3,0.204,2016
290,ORV,F,Paul Millsap,30.0,ATL,84.0,645.0,0.13,0.0,0.0,0.0,81.0,32.7,17.1,9.0,3.3,1.8,1.7,0.47,0.319,0.757,10.1,0.183,2016
291,ORV,C,Al Horford,29.0,ATL,76.0,645.0,0.118,2.0,0.0,0.0,82.0,32.1,15.2,7.3,3.2,0.8,1.5,0.505,0.344,0.798,9.4,0.172,2016
292,ORV,C,Anthony Davis,22.0,NOP,76.0,645.0,0.118,1.0,0.0,0.0,61.0,35.5,24.3,10.3,1.9,1.3,2.0,0.493,0.324,0.758,7.2,0.16,2016
293,ORV,C,Karl-Anthony Towns,20.0,MIN,44.0,645.0,0.068,0.0,0.0,0.0,82.0,32.0,18.3,10.5,2.0,0.7,1.7,0.542,0.341,0.811,8.3,0.151,2016
294,ORV,G,DeMar DeRozan,26.0,TOR,26.0,645.0,0.04,0.0,0.0,0.0,78.0,35.9,23.5,4.5,4.0,1.0,0.3,0.446,0.338,0.85,9.9,0.169,2016
295,ORV,C,Hassan Whiteside,26.0,MIA,24.0,645.0,0.037,1.0,0.0,0.0,73.0,29.1,14.2,11.8,0.4,0.6,3.7,0.606,0.0,0.65,10.3,0.233,2016
296,ORV,G,Isaiah Thomas,26.0,BOS,20.0,645.0,0.031,0.0,0.0,0.0,82.0,32.2,22.2,3.0,6.2,1.1,0.1,0.428,0.359,0.871,9.7,0.177,2016
297,ORV,F,Pau Gasol,35.0,CHI,16.0,645.0,0.025,2.0,0.0,0.0,72.0,31.8,16.5,11.0,4.1,0.6,2.0,0.469,0.348,0.792,7.1,0.149,2016
298,ORV,G,Jimmy Butler,26.0,CHI,12.0,645.0,0.019,0.0,0.0,0.0,67.0,36.9,20.9,5.3,4.8,1.6,0.6,0.454,0.312,0.832,9.1,0.177,2016
299,ORV,F,Dirk Nowitzki,37.0,DAL,8.0,645.0,0.012,0.0,0.0,0.0,75.0,31.5,18.3,6.5,1.8,0.7,0.7,0.448,0.368,0.893,6.8,0.138,2016
300,ORV,G,John Wall,25.0,WAS,7.0,645.0,0.011,0.0,0.0,0.0,77.0,36.2,19.9,4.9,10.2,1.9,0.8,0.424,0.351,0.791,5.7,0.098,2016
301,ORV,G,Kemba Walker,25.0,CHO,6.0,645.0,0.009,0.0,0.0,0.0,81.0,35.6,20.9,4.4,5.2,1.6,0.5,0.427,0.371,0.847,9.9,0.165,2016
302,ORV,F,Tim Duncan,39.0,SAS,3.0,645.0,0.005,0.0,0.0,0.0,61.0,25.2,8.6,7.3,2.7,0.8,1.3,0.488,0.0,0.702,5.2,0.163,2016
303,ORV,F,Gordon Hayward,25.0,UTA,3.0,645.0,0.005,0.0,0.0,0.0,80.0,36.2,19.7,5.0,3.7,1.2,0.3,0.433,0.349,0.824,8.9,0.147,2016
304,ORV,C,Dwight Howard,30.0,HOU,3.0,645.0,0.005,0.0,0.0,0.0,71.0,32.1,13.7,11.8,1.4,1.0,1.6,0.62,0.0,0.489,6.6,0.138,2016
305,ORV,F,Carmelo Anthony,31.0,NYK,2.0,645.0,0.003,0.0,0.0,2.0,72.0,35.1,21.8,7.7,4.2,0.9,0.5,0.434,0.339,0.829,6.4,0.121,2016
306,ORV,C,Marc Gasol,31.0,MEM,2.0,645.0,0.003,0.0,0.0,2.0,52.0,34.4,16.6,7.0,3.8,1.0,1.3,0.464,0.667,0.829,3.7,0.098,2016
307,ORV,C,Andrew Bogut,31.0,GSW,1.0,645.0,0.002,0.0,0.0,1.0,70.0,20.7,5.4,7.0,2.3,0.5,1.6,0.627,1.0,0.48,5.4,0.18,2016
308,ORV,F,Blake Griffin,26.0,LAC,1.0,645.0,0.002,0.0,0.0,1.0,35.0,33.4,21.4,8.4,4.9,0.8,0.5,0.499,0.333,0.727,3.8,0.156,2016
309,ORV,C,Brook Lopez,27.0,BRK,1.0,645.0,0.002,0.0,0.0,1.0,73.0,33.7,20.6,7.8,2.0,0.8,1.7,0.511,0.143,0.787,6.2,0.121,2016
310,ORV,G,Tony Parker,33.0,SAS,1.0,645.0,0.002,0.0,0.0,1.0,72.0,27.5,11.9,2.4,5.3,0.8,0.2,0.493,0.415,0.76,5.8,0.142,2016
311,1st,G,James Harden,27.0,HOU,500.0,500.0,1.0,100.0,0.0,0.0,81.0,36.4,29.1,8.1,11.2,1.5,0.5,0.44,0.347,0.847,15.0,0.245,2017
312,1st,F,LeBron James,32.0,CLE,498.0,500.0,0.996,99.0,1.0,0.0,74.0,37.8,26.4,8.6,8.7,1.2,0.6,0.548,0.363,0.674,12.9,0.221,2017
313,1st,G,Russell Westbrook,28.0,OKC,498.0,500.0,0.996,99.0,1.0,0.0,81.0,34.6,31.6,10.7,10.4,1.6,0.4,0.425,0.343,0.845,13.1,0.224,2017
314,1st,F,Kawhi Leonard,25.0,SAS,490.0,500.0,0.98,96.0,3.0,1.0,74.0,33.4,25.5,5.8,3.5,1.8,0.7,0.485,0.38,0.88,13.6,0.264,2017
315,1st,C,Anthony Davis,23.0,NOP,343.0,500.0,0.686,45.0,34.0,16.0,75.0,36.1,28.0,11.8,2.1,1.3,2.2,0.505,0.299,0.802,11.0,0.195,2017
317,2nd,C,Rudy Gobert,24.0,UTA,339.0,500.0,0.678,43.0,38.0,10.0,81.0,33.9,14.0,12.8,1.2,0.6,2.6,0.661,0.0,0.653,14.3,0.25,2017
318,2nd,G,Stephen Curry,28.0,GSW,290.0,500.0,0.58,1.0,93.0,6.0,79.0,33.4,25.3,4.5,6.6,1.8,0.2,0.468,0.411,0.898,12.6,0.229,2017
319,2nd,F,Giannis Antetokounmpo,22.0,MIL,258.0,500.0,0.516,0.0,81.0,15.0,80.0,35.6,22.9,8.8,5.4,1.6,1.9,0.521,0.272,0.77,12.4,0.21,2017
320,2nd,F,Kevin Durant,28.0,GSW,239.0,500.0,0.478,3.0,66.0,26.0,62.0,33.4,25.1,8.3,4.8,1.1,1.6,0.537,0.375,0.875,12.0,0.278,2017
321,2nd,G,Isaiah Thomas,27.0,BOS,236.0,500.0,0.472,0.0,71.0,23.0,76.0,33.8,28.9,2.7,5.9,0.9,0.2,0.463,0.379,0.909,12.5,0.234,2017
323,3rd,F,Draymond Green,26.0,GSW,134.0,500.0,0.268,4.0,21.0,51.0,76.0,32.5,10.2,7.9,7.0,2.0,1.4,0.418,0.308,0.709,8.2,0.16,2017
324,3rd,G,John Wall,26.0,WAS,125.0,500.0,0.25,0.0,19.0,68.0,78.0,36.4,23.1,4.2,10.7,2.0,0.6,0.451,0.327,0.801,8.8,0.149,2017
325,3rd,F,Jimmy Butler,27.0,CHI,102.0,500.0,0.204,0.0,19.0,45.0,76.0,37.0,23.9,6.2,5.5,1.9,0.4,0.455,0.367,0.865,13.8,0.236,2017
326,3rd,G,DeMar DeRozan,27.0,TOR,62.0,500.0,0.124,0.0,4.0,50.0,74.0,35.4,27.3,5.2,3.9,1.1,0.2,0.467,0.266,0.842,9.0,0.166,2017
327,3rd,C,DeAndre Jordan,28.0,LAC,54.0,500.0,0.108,3.0,7.0,18.0,81.0,31.7,12.7,13.8,1.2,0.6,1.7,0.714,0.0,0.482,11.8,0.221,2017
329,ORV,C,Karl-Anthony Towns,21.0,MIN,50.0,500.0,0.1,2.0,0.0,0.0,82.0,37.0,25.1,12.3,2.7,0.7,1.3,0.542,0.367,0.832,12.7,0.201,2017
330,ORV,G,Chris Paul,31.0,LAC,49.0,500.0,0.098,0.0,0.0,0.0,61.0,31.5,18.1,5.0,9.2,2.0,0.1,0.476,0.411,0.892,10.6,0.264,2017
331,ORV,C,Marc Gasol,32.0,MEM,48.0,500.0,0.096,2.0,0.0,0.0,74.0,34.2,19.5,6.3,4.6,0.9,1.3,0.459,0.388,0.837,7.7,0.145,2017
332,ORV,C,DeMarcus Cousins,26.0,TOT,42.0,500.0,0.084,2.0,0.0,0.0,72.0,34.2,27.0,11.0,4.6,1.4,1.3,0.452,0.361,0.772,7.6,0.149,2017
333,ORV,F,Paul George,26.0,IND,40.0,500.0,0.08,0.0,0.0,0.0,75.0,35.9,23.7,6.6,3.3,1.6,0.4,0.461,0.393,0.898,7.1,0.126,2017
334,ORV,F,Gordon Hayward,26.0,UTA,27.0,500.0,0.054,0.0,0.0,0.0,73.0,34.5,21.9,5.4,3.5,1.0,0.3,0.471,0.398,0.844,10.4,0.199,2017
335,ORV,C,Hassan Whiteside,27.0,MIA,18.0,500.0,0.036,0.0,0.0,0.0,77.0,32.6,17.0,14.1,0.7,0.7,2.1,0.557,0.0,0.628,9.5,0.181,2017
336,ORV,G,Kyrie Irving,24.0,CLE,14.0,500.0,0.028,0.0,0.0,0.0,72.0,35.1,25.2,3.2,5.8,1.2,0.3,0.473,0.401,0.905,8.9,0.17,2017
337,ORV,G,Klay Thompson,26.0,GSW,14.0,500.0,0.028,0.0,0.0,0.0,78.0,34.0,22.3,3.7,2.1,0.8,0.5,0.468,0.414,0.853,7.1,0.129,2017
338,ORV,C,Nikola Jokić,21.0,DEN,12.0,500.0,0.024,1.0,0.0,0.0,73.0,27.9,16.7,9.8,4.9,0.8,0.8,0.578,0.324,0.825,9.7,0.228,2017
339,ORV,G,Damian Lillard,26.0,POR,12.0,500.0,0.024,0.0,0.0,0.0,75.0,35.9,27.0,4.9,5.9,0.9,0.3,0.444,0.37,0.895,10.4,0.185,2017
340,ORV,F,Paul Millsap,31.0,ATL,3.0,500.0,0.006,0.0,0.0,0.0,69.0,34.0,18.1,7.7,3.7,1.3,0.9,0.442,0.311,0.768,6.4,0.132,2017
341,ORV,F,LaMarcus Aldridge,31.0,SAS,1.0,500.0,0.002,0.0,0.0,1.0,72.0,32.4,17.3,7.3,1.9,0.6,1.2,0.477,0.411,0.812,7.2,0.149,2017
342,ORV,F,Blake Griffin,27.0,LAC,1.0,500.0,0.002,0.0,0.0,1.0,61.0,34.0,21.6,8.1,4.9,0.9,0.4,0.493,0.336,0.76,7.7,0.179,2017
343,ORV,C,Al Horford,30.0,BOS,1.0,500.0,0.002,0.0,0.0,1.0,68.0,32.3,14.0,6.8,5.0,0.8,1.3,0.473,0.355,0.8,6.3,0.138,2017
344,1st,G,James Harden,28.0,HOU,500.0,500.0,1.0,100.0,0.0,0.0,72.0,35.4,30.4,5.4,8.8,1.8,0.7,0.449,0.367,0.858,15.4,0.289,2018
345,1st,F,LeBron James,33.0,CLE,500.0,500.0,1.0,100.0,0.0,0.0,82.0,36.9,27.5,8.6,9.1,1.4,0.9,0.542,0.367,0.731,14.0,0.221,2018
346,1st,C,Anthony Davis,24.0,NOP,492.0,500.0,0.984,96.0,4.0,0.0,75.0,36.4,28.1,11.1,2.3,1.5,2.6,0.534,0.34,0.828,13.7,0.241,2018
347,1st,G,Damian Lillard,27.0,POR,432.0,500.0,0.864,71.0,24.0,5.0,73.0,36.6,26.9,4.5,6.6,1.1,0.4,0.439,0.361,0.916,12.6,0.227,2018
348,1st,F,Kevin Durant,29.0,GSW,426.0,500.0,0.852,63.0,37.0,0.0,68.0,34.2,26.4,6.8,5.4,0.7,1.8,0.516,0.419,0.889,10.4,0.215,2018
350,2nd,F,Giannis Antetokounmpo,23.0,MIL,354.0,500.0,0.708,28.0,71.0,1.0,75.0,36.7,26.9,10.0,4.8,1.5,1.4,0.529,0.307,0.76,11.9,0.207,2018
351,2nd,G,Russell Westbrook,29.0,OKC,322.0,500.0,0.644,24.0,63.0,13.0,80.0,36.4,25.4,10.1,10.3,1.8,0.3,0.449,0.298,0.737,10.1,0.166,2018
352,2nd,C,Joel Embiid,23.0,PHI,294.0,500.0,0.588,11.0,78.0,5.0,63.0,30.3,22.9,11.0,3.2,0.6,1.8,0.483,0.308,0.769,6.2,0.155,2018
353,2nd,F,LaMarcus Aldridge,32.0,SAS,236.0,500.0,0.472,2.0,68.0,22.0,75.0,33.5,23.1,8.5,2.0,0.6,1.2,0.51,0.293,0.837,10.9,0.209,2018
354,2nd,G,DeMar DeRozan,28.0,TOR,165.0,500.0,0.33,2.0,39.0,38.0,80.0,33.9,23.0,3.9,5.2,1.1,0.3,0.456,0.31,0.825,9.6,0.17,2018
356,3rd,G,Stephen Curry,29.0,GSW,164.0,500.0,0.328,2.0,39.0,37.0,51.0,32.0,26.4,5.1,6.1,1.6,0.2,0.495,0.423,0.921,9.1,0.267,2018
357,3rd,G,Victor Oladipo,25.0,IND,105.0,500.0,0.21,0.0,24.0,33.0,75.0,34.0,23.1,5.2,4.3,2.4,0.8,0.477,0.371,0.799,8.2,0.155,2018
358,3rd,C,Karl-Anthony Towns,22.0,MIN,99.0,500.0,0.198,0.0,18.0,45.0,82.0,35.6,21.3,12.3,2.4,0.8,1.4,0.545,0.421,0.858,14.0,0.23,2018
359,3rd,F,Jimmy Butler,28.0,MIN,81.0,500.0,0.162,1.0,8.0,52.0,59.0,36.7,22.2,5.3,4.9,2.0,0.4,0.474,0.35,0.854,8.9,0.198,2018
360,3rd,F,Paul George,27.0,OKC,54.0,500.0,0.108,0.0,4.0,42.0,79.0,36.6,21.9,5.7,3.3,2.0,0.5,0.43,0.401,0.822,8.9,0.147,2018
362,ORV,G,Chris Paul,32.0,HOU,54.0,500.0,0.108,0.0,0.0,0.0,58.0,31.8,18.6,5.4,7.9,1.7,0.2,0.46,0.38,0.919,10.2,0.265,2018
363,ORV,C,Rudy Gobert,25.0,UTA,51.0,500.0,0.102,0.0,0.0,0.0,56.0,32.4,13.5,10.7,1.4,0.8,2.3,0.622,0.0,0.682,8.1,0.214,2018
364,ORV,G,Kyrie Irving,25.0,BOS,42.0,500.0,0.084,0.0,0.0,0.0,60.0,32.2,24.4,3.8,5.1,1.1,0.3,0.491,0.408,0.889,8.9,0.222,2018
365,ORV,F,Ben Simmons,21.0,PHI,36.0,500.0,0.072,0.0,0.0,0.0,81.0,33.7,15.8,8.1,8.2,1.7,0.9,0.545,0.0,0.56,9.2,0.162,2018
366,ORV,C,Al Horford,31.0,BOS,32.0,500.0,0.064,0.0,0.0,0.0,72.0,31.6,12.9,7.4,4.7,0.6,1.1,0.489,0.429,0.783,7.8,0.165,2018
367,ORV,C,Nikola Jokić,22.0,DEN,28.0,500.0,0.056,0.0,0.0,0.0,75.0,32.6,18.5,10.7,6.1,1.2,0.8,0.499,0.396,0.85,10.7,0.211,2018
368,ORV,C,Andre Drummond,24.0,DET,7.0,500.0,0.014,0.0,0.0,0.0,78.0,33.7,15.0,16.0,3.0,1.5,1.6,0.529,0.0,0.605,10.3,0.189,2018
369,ORV,C,Clint Capela,23.0,HOU,6.0,500.0,0.012,0.0,0.0,0.0,74.0,27.5,13.9,10.8,0.9,0.8,1.9,0.652,0.0,0.56,10.2,0.242,2018
370,ORV,F,Draymond Green,27.0,GSW,6.0,500.0,0.012,0.0,0.0,0.0,70.0,32.7,11.0,7.6,7.3,1.4,1.3,0.454,0.301,0.775,6.1,0.127,2018
371,ORV,G,Kyle Lowry,31.0,TOR,3.0,500.0,0.006,0.0,0.0,0.0,78.0,32.2,16.2,5.6,6.9,1.1,0.2,0.427,0.399,0.854,10.2,0.194,2018
372,ORV,C,Steven Adams,24.0,OKC,2.0,500.0,0.004,0.0,0.0,0.0,76.0,32.7,13.9,9.0,1.2,1.2,1.0,0.629,0.0,0.559,9.7,0.187,2018
373,ORV,G,Donovan Mitchell,21.0,UTA,2.0,500.0,0.004,0.0,0.0,0.0,79.0,33.4,20.5,3.7,3.7,1.5,0.3,0.437,0.34,0.805,5.2,0.095,2018
374,ORV,G,Klay Thompson,27.0,GSW,2.0,500.0,0.004,0.0,0.0,0.0,73.0,34.3,20.0,3.8,2.5,0.8,0.5,0.488,0.44,0.837,4.9,0.094,2018
375,ORV,F,Trevor Ariza,32.0,HOU,1.0,500.0,0.002,0.0,0.0,0.0,67.0,33.9,11.7,4.4,1.6,1.5,0.2,0.412,0.368,0.854,5.3,0.113,2018
376,ORV,C,DeMarcus Cousins,27.0,NOP,1.0,500.0,0.002,0.0,0.0,0.0,48.0,36.2,25.2,12.9,5.4,1.6,1.6,0.47,0.354,0.746,4.7,0.13,2018
377,ORV,C,Dwight Howard,32.0,CHO,1.0,500.0,0.002,0.0,0.0,0.0,81.0,30.4,16.6,12.5,1.3,0.6,1.6,0.555,0.143,0.574,6.8,0.132,2018
378,ORV,F,Kevin Love,29.0,CLE,1.0,500.0,0.002,0.0,0.0,0.0,59.0,28.0,17.6,9.3,1.7,0.7,0.4,0.458,0.415,0.88,6.4,0.185,2018
379,ORV,F,Kristaps Porziņģis,22.0,NYK,1.0,500.0,0.002,0.0,0.0,0.0,48.0,32.4,22.7,6.6,1.2,0.8,2.4,0.439,0.395,0.793,3.2,0.099,2018
380,1st,F,Giannis Antetokounmpo,24.0,MIL,500.0,500.0,1.0,100.0,0.0,0.0,72.0,32.8,27.7,12.5,5.9,1.3,1.5,0.578,0.256,0.729,14.4,0.292,2019
381,1st,G,James Harden,29.0,HOU,500.0,500.0,1.0,100.0,0.0,0.0,78.0,36.8,36.1,6.6,7.5,2.0,0.7,0.442,0.368,0.879,15.2,0.254,2019
382,1st,G,Stephen Curry,30.0,GSW,482.0,500.0,0.964,91.0,9.0,0.0,69.0,33.8,27.3,5.3,5.2,1.3,0.4,0.472,0.437,0.916,9.7,0.199,2019
383,1st,F,Paul George,28.0,OKC,433.0,500.0,0.866,71.0,25.0,3.0,77.0,36.9,28.0,8.2,4.1,2.2,0.4,0.438,0.386,0.839,11.9,0.201,2019
384,1st,C,Nikola Jokić,23.0,DEN,411.0,500.0,0.822,59.0,38.0,2.0,80.0,31.3,20.1,10.8,7.3,1.4,0.7,0.511,0.307,0.821,11.8,0.226,2019
386,2nd,C,Joel Embiid,24.0,PHI,375.0,500.0,0.75,40.0,57.0,4.0,64.0,33.7,27.5,13.6,3.7,0.7,1.9,0.484,0.3,0.804,8.7,0.194,2019
387,2nd,F,Kevin Durant,30.0,GSW,358.0,500.0,0.716,29.0,71.0,0.0,78.0,34.6,26.0,6.4,5.9,0.7,1.1,0.521,0.353,0.885,11.5,0.204,2019
388,2nd,G,Damian Lillard,28.0,POR,306.0,500.0,0.612,8.0,87.0,5.0,80.0,35.5,25.8,4.6,6.9,1.1,0.4,0.444,0.369,0.912,12.1,0.205,2019
389,2nd,F,Kawhi Leonard,27.0,TOR,242.0,500.0,0.484,0.0,73.0,23.0,60.0,34.0,26.6,7.3,3.3,1.8,0.4,0.496,0.371,0.854,9.5,0.224,2019
390,2nd,G,Kyrie Irving,26.0,BOS,195.0,500.0,0.39,0.0,52.0,39.0,67.0,33.0,23.8,5.0,6.9,1.5,0.5,0.487,0.401,0.873,9.0,0.195,2019
392,3rd,G,Russell Westbrook,30.0,OKC,178.0,500.0,0.356,1.0,43.0,44.0,73.0,36.0,22.9,11.1,10.7,1.9,0.5,0.428,0.29,0.656,6.8,0.124,2019
393,3rd,F,Blake Griffin,29.0,DET,115.0,500.0,0.23,0.0,13.0,76.0,75.0,35.0,24.5,7.5,5.4,0.7,0.4,0.462,0.362,0.753,8.0,0.147,2019
394,3rd,F,LeBron James,34.0,LAL,111.0,500.0,0.222,0.0,13.0,72.0,55.0,35.2,27.4,8.5,8.3,1.3,0.6,0.51,0.339,0.665,7.2,0.179,2019
395,3rd,C,Rudy Gobert,26.0,UTA,89.0,500.0,0.178,1.0,5.0,69.0,81.0,31.8,15.9,12.9,2.0,0.8,2.3,0.669,0.0,0.636,14.4,0.268,2019
396,3rd,G,Kemba Walker,28.0,CHO,51.0,500.0,0.102,0.0,4.0,39.0,82.0,34.9,25.6,4.4,5.9,1.2,0.4,0.434,0.356,0.844,7.4,0.123,2019
398,ORV,G,Bradley Beal,25.0,WAS,34.0,500.0,0.068,0.0,1.0,31.0,82.0,36.9,25.6,5.0,5.5,1.5,0.7,0.475,0.351,0.808,7.6,0.12,2019
399,ORV,G,Klay Thompson,28.0,GSW,27.0,500.0,0.054,0.0,3.0,18.0,78.0,34.0,21.5,3.8,2.4,1.1,0.6,0.467,0.402,0.816,5.3,0.095,2019
400,ORV,C,Karl-Anthony Towns,23.0,MIN,20.0,500.0,0.04,0.0,0.0,20.0,77.0,33.1,24.4,12.4,3.4,0.9,1.6,0.518,0.4,0.836,10.4,0.197,2019
401,ORV,F,LaMarcus Aldridge,33.0,SAS,17.0,500.0,0.034,0.0,2.0,11.0,81.0,33.2,21.3,9.2,2.4,0.5,1.3,0.519,0.238,0.847,9.3,0.167,2019
402,ORV,F,Danilo Gallinari,30.0,LAC,7.0,500.0,0.014,0.0,1.0,4.0,68.0,30.3,19.8,6.1,2.6,0.7,0.3,0.463,0.433,0.904,8.2,0.191,2019
403,ORV,G,Ben Simmons,22.0,PHI,7.0,500.0,0.014,0.0,0.0,7.0,79.0,34.2,16.9,8.8,7.7,1.4,0.8,0.563,0.0,0.6,8.2,0.146,2019
404,ORV,G,Mike Conley,31.0,MEM,4.0,500.0,0.008,0.0,0.0,4.0,70.0,33.5,21.1,3.4,6.4,1.3,0.3,0.438,0.364,0.845,8.0,0.164,2019
405,ORV,G,Donovan Mitchell,22.0,UTA,4.0,500.0,0.008,0.0,0.0,4.0,77.0,33.7,23.8,4.1,4.2,1.4,0.4,0.432,0.362,0.806,5.0,0.092,2019
406,ORV,F,Pascal Siakam,24.0,TOR,4.0,500.0,0.008,0.0,0.0,4.0,80.0,31.9,16.9,6.9,3.1,0.9,0.7,0.549,0.369,0.785,9.3,0.175,2019
407,ORV,C,Nikola Vučević,28.0,ORL,4.0,500.0,0.008,0.0,0.0,4.0,80.0,31.4,20.8,12.0,3.8,1.0,1.1,0.518,0.364,0.789,10.1,0.193,2019
408,ORV,F,Luka Dončić,19.0,DAL,3.0,500.0,0.006,0.0,1.0,0.0,72.0,32.2,21.2,7.8,6.0,1.1,0.3,0.427,0.327,0.713,4.9,0.101,2019
409,ORV,C,Andre Drummond,25.0,DET,3.0,500.0,0.006,0.0,1.0,0.0,79.0,33.5,17.3,15.6,1.4,1.7,1.7,0.533,0.132,0.59,10.0,0.181,2019
410,ORV,G,Dwyane Wade,37.0,MIA,3.0,500.0,0.006,0.0,1.0,0.0,72.0,26.2,15.0,4.0,4.2,0.8,0.5,0.433,0.33,0.708,2.4,0.061,2019
411,ORV,G,DeMar DeRozan,29.0,SAS,3.0,500.0,0.006,0.0,0.0,3.0,77.0,34.9,21.2,6.0,6.2,1.1,0.5,0.481,0.156,0.83,6.3,0.112,2019
412,ORV,G,D'Angelo Russell,22.0,BRK,3.0,500.0,0.006,0.0,0.0,0.0,81.0,30.2,21.1,3.9,7.0,1.2,0.2,0.434,0.369,0.78,5.0,0.097,2019
413,ORV,F,Tobias Harris,26.0,TOT,2.0,500.0,0.004,0.0,0.0,2.0,82.0,34.7,20.0,7.9,2.8,0.6,0.5,0.487,0.397,0.866,7.1,0.12,2019
414,ORV,F,Marvin Bagley III,19.0,SAC,1.0,500.0,0.002,0.0,0.0,1.0,62.0,25.3,14.9,7.6,1.0,0.5,1.0,0.504,0.313,0.691,3.6,0.11,2019
415,ORV,G,Devin Booker,22.0,PHO,1.0,500.0,0.002,0.0,0.0,1.0,64.0,35.0,26.6,4.1,6.8,0.9,0.2,0.467,0.326,0.866,3.5,0.076,2019
416,ORV,C,Anthony Davis,25.0,NOP,1.0,500.0,0.002,0.0,0.0,1.0,56.0,33.0,25.9,12.0,3.9,1.6,2.4,0.517,0.331,0.794,9.5,0.247,2019
417,ORV,G,Eric Gordon,30.0,HOU,1.0,500.0,0.002,0.0,0.0,1.0,68.0,31.7,16.2,2.2,1.9,0.6,0.4,0.409,0.36,0.783,2.6,0.059,2019
418,ORV,G,Jrue Holiday,28.0,NOP,1.0,500.0,0.002,0.0,0.0,1.0,67.0,35.9,21.2,5.0,7.7,1.6,0.8,0.472,0.325,0.768,5.4,0.108,2019
419,ORV,G,Kyle Lowry,32.0,TOR,1.0,500.0,0.002,0.0,0.0,1.0,65.0,34.0,14.2,4.8,8.7,1.4,0.5,0.411,0.347,0.83,6.6,0.144,2019
420,ORV,F,Domantas Sabonis,22.0,IND,1.0,500.0,0.002,0.0,0.0,1.0,74.0,24.8,14.1,9.3,2.9,0.6,0.4,0.59,0.529,0.715,7.6,0.197,2019
421,ORV,C,Myles Turner,22.0,IND,1.0,500.0,0.002,0.0,0.0,1.0,74.0,28.6,13.3,7.2,1.6,0.8,2.7,0.487,0.388,0.736,6.3,0.144,2019
422,ORV,G,Lou Williams,32.0,LAC,1.0,500.0,0.002,0.0,0.0,1.0,75.0,26.6,20.0,3.0,5.4,0.8,0.1,0.425,0.361,0.876,5.1,0.123,2019
423,1st,F,Giannis Antetokounmpo,25.0,MIL,500.0,500.0,1.0,100.0,0.0,0.0,63.0,30.4,29.5,13.6,5.6,1.0,1.0,0.553,0.304,0.633,11.1,0.279,2020
424,1st,F,LeBron James,35.0,LAL,500.0,500.0,1.0,100.0,0.0,0.0,67.0,34.6,25.3,7.8,10.2,1.2,0.5,0.493,0.348,0.693,9.8,0.204,2020
425,1st,G,James Harden,30.0,HOU,474.0,500.0,0.948,89.0,9.0,2.0,68.0,36.5,34.3,6.6,7.5,1.8,0.9,0.444,0.355,0.865,13.1,0.254,2020
426,1st,C,Anthony Davis,26.0,LAL,455.0,500.0,0.91,79.0,20.0,0.0,62.0,34.4,26.1,9.3,3.2,1.5,2.3,0.503,0.33,0.846,11.1,0.25,2020
427,1st,G,Luka Dončić,20.0,DAL,416.0,500.0,0.832,59.0,40.0,1.0,61.0,33.6,28.8,9.4,8.8,1.0,0.2,0.463,0.316,0.758,8.8,0.207,2020
429,2nd,F,Kawhi Leonard,28.0,LAC,372.0,500.0,0.744,39.0,59.0,0.0,57.0,32.4,27.1,7.1,4.9,1.8,0.6,0.47,0.378,0.886,8.7,0.226,2020
430,2nd,C,Nikola Jokić,24.0,DEN,311.0,500.0,0.622,21.0,64.0,14.0,73.0,32.0,19.9,9.7,7.0,1.2,0.6,0.528,0.314,0.817,9.8,0.202,2020
431,2nd,G,Damian Lillard,29.0,POR,284.0,500.0,0.568,6.0,82.0,8.0,66.0,37.5,30.0,4.3,8.0,1.1,0.3,0.463,0.401,0.888,11.6,0.225,2020
432,2nd,G,Chris Paul,34.0,OKC,199.0,500.0,0.398,2.0,52.0,33.0,70.0,31.5,17.6,5.0,6.7,1.6,0.2,0.489,0.365,0.907,8.9,0.193,2020
433,2nd,F,Pascal Siakam,25.0,TOR,168.0,500.0,0.336,1.0,36.0,55.0,60.0,35.2,22.9,7.3,3.5,1.0,0.9,0.453,0.359,0.792,5.4,0.123,2020
435,3rd,F,Jayson Tatum,21.0,BOS,153.0,500.0,0.306,0.0,32.0,57.0,66.0,34.3,23.4,7.0,3.0,1.4,0.9,0.45,0.403,0.812,6.9,0.146,2020
436,3rd,F,Jimmy Butler,30.0,MIA,147.0,500.0,0.294,0.0,32.0,51.0,58.0,33.8,19.9,6.7,6.0,1.8,0.6,0.455,0.244,0.834,9.0,0.221,2020
437,3rd,C,Rudy Gobert,27.0,UTA,110.0,500.0,0.22,1.0,19.0,48.0,68.0,34.3,15.1,13.5,1.5,0.8,2.0,0.693,0.0,0.63,10.7,0.221,2020
438,3rd,G,Ben Simmons,23.0,PHI,61.0,500.0,0.122,0.0,9.0,29.0,57.0,35.4,16.4,7.8,8.0,2.1,0.6,0.58,0.286,0.621,6.9,0.165,2020
439,3rd,G,Russell Westbrook,31.0,HOU,56.0,500.0,0.112,0.0,9.0,29.0,57.0,35.9,27.2,7.9,7.0,1.6,0.4,0.472,0.258,0.763,4.2,0.098,2020
441,ORV,F,Khris Middleton,28.0,MIL,82.0,500.0,0.164,0.0,10.0,52.0,62.0,29.9,20.9,6.2,4.3,0.9,0.1,0.497,0.415,0.916,7.9,0.205,2020
442,ORV,C,Joel Embiid,25.0,PHI,79.0,500.0,0.158,3.0,14.0,22.0,51.0,29.5,23.0,11.6,3.0,0.9,1.3,0.477,0.331,0.807,6.0,0.192,2020
443,ORV,G,Bradley Beal,26.0,WAS,32.0,500.0,0.064,0.0,3.0,23.0,57.0,36.0,30.5,4.2,6.1,1.2,0.4,0.455,0.353,0.842,5.1,0.118,2020
444,ORV,G,Kyle Lowry,33.0,TOR,26.0,500.0,0.052,0.0,3.0,17.0,58.0,36.2,19.4,5.0,7.5,1.4,0.4,0.416,0.352,0.857,7.5,0.171,2020
445,ORV,C,Bam Adebayo,22.0,MIA,26.0,500.0,0.052,0.0,0.0,26.0,72.0,33.6,15.9,10.2,5.1,1.1,1.3,0.557,0.143,0.691,8.5,0.168,2020
446,ORV,G,Trae Young,21.0,ATL,13.0,500.0,0.026,0.0,1.0,10.0,60.0,35.3,29.6,4.3,9.3,1.1,0.1,0.437,0.361,0.86,5.9,0.133,2020
447,ORV,G,Donovan Mitchell,23.0,UTA,10.0,500.0,0.02,0.0,1.0,7.0,69.0,34.3,24.0,4.4,4.3,1.0,0.2,0.449,0.366,0.863,5.4,0.11,2020
448,ORV,F,Paul George,29.0,LAC,7.0,500.0,0.014,0.0,2.0,1.0,48.0,29.6,21.5,5.7,3.9,1.4,0.4,0.439,0.412,0.876,4.8,0.161,2020
449,ORV,F,Brandon Ingram,22.0,NOP,5.0,500.0,0.01,0.0,1.0,2.0,62.0,33.9,23.8,6.1,4.2,1.0,0.6,0.463,0.391,0.851,5.1,0.115,2020
450,ORV,G,Kemba Walker,29.0,BOS,4.0,500.0,0.008,0.0,1.0,1.0,56.0,31.1,20.4,3.9,4.8,0.9,0.5,0.425,0.381,0.864,5.9,0.162,2020
451,ORV,C,Andre Drummond,26.0,TOT,3.0,500.0,0.006,0.0,1.0,0.0,57.0,33.0,17.7,15.2,2.7,1.9,1.6,0.533,0.143,0.575,4.2,0.108,2020
452,ORV,G,Devin Booker,23.0,PHO,3.0,500.0,0.006,0.0,0.0,3.0,70.0,35.9,26.6,4.2,6.5,0.7,0.3,0.489,0.354,0.919,7.5,0.143,2020
453,ORV,C,Karl-Anthony Towns*,24.0,MIN,2.0,500.0,0.004,0.0,0.0,2.0,35.0,33.9,26.5,10.8,4.4,0.9,1.2,0.508,0.412,0.796,5.1,0.204,2020
454,ORV,G,Zach LaVine,24.0,CHI,1.0,500.0,0.002,0.0,0.0,1.0,60.0,34.8,25.5,4.8,4.2,1.5,0.5,0.45,0.38,0.802,4.0,0.091,2020
455,ORV,C,Brook Lopez,31.0,MIL,1.0,500.0,0.002,0.0,0.0,1.0,68.0,26.7,12.0,4.6,1.5,0.7,2.4,0.435,0.314,0.836,5.5,0.145,2020
456,1st,F,Giannis Antetokounmpo,26.0,MIL,500.0,500.0,1.0,100.0,0.0,0.0,61.0,33.0,28.1,11.0,5.9,1.2,1.2,0.569,0.303,0.685,10.2,0.244,2021
457,1st,C,Nikola Jokić,25.0,DEN,498.0,500.0,0.996,99.0,1.0,0.0,72.0,34.6,26.4,10.8,8.3,1.3,0.7,0.566,0.388,0.868,15.6,0.301,2021
458,1st,G,Stephen Curry,32.0,GSW,496.0,500.0,0.992,98.0,2.0,0.0,63.0,34.2,32.0,5.5,5.8,1.2,0.1,0.482,0.421,0.916,9.0,0.201,2021
459,1st,G,Luka Dončić,21.0,DAL,402.0,500.0,0.804,55.0,41.0,4.0,66.0,34.3,27.7,8.0,8.6,1.0,0.5,0.479,0.35,0.73,7.7,0.163,2021
460,1st,F,Kawhi Leonard,29.0,LAC,323.0,500.0,0.646,28.0,58.0,9.0,52.0,34.1,24.8,6.5,5.2,1.6,0.4,0.512,0.398,0.885,8.8,0.238,2021
462,2nd,G,Damian Lillard,30.0,POR,372.0,500.0,0.744,38.0,60.0,2.0,67.0,35.8,28.8,4.2,7.5,0.9,0.3,0.451,0.391,0.928,10.4,0.209,2021
463,2nd,C,Joel Embiid,26.0,PHI,352.0,500.0,0.704,28.0,70.0,2.0,51.0,31.1,28.5,10.6,2.8,1.0,1.4,0.513,0.377,0.859,8.8,0.266,2021
464,2nd,G,Chris Paul,35.0,PHO,311.0,500.0,0.622,23.0,62.0,10.0,70.0,31.4,16.4,4.5,8.9,1.4,0.3,0.499,0.395,0.934,9.2,0.201,2021
465,2nd,F,Julius Randle,26.0,NYK,253.0,500.0,0.506,16.0,46.0,35.0,71.0,37.6,24.1,10.2,6.0,0.9,0.3,0.456,0.411,0.811,7.8,0.14,2021
466,2nd,F,LeBron James,36.0,LAL,174.0,500.0,0.348,2.0,44.0,32.0,45.0,33.4,25.0,7.7,7.8,1.1,0.6,0.513,0.365,0.698,5.6,0.179,2021
468,3rd,C,Rudy Gobert,28.0,UTA,148.0,500.0,0.296,0.0,26.0,70.0,71.0,30.8,14.3,13.5,1.3,0.6,2.7,0.675,0.0,0.623,11.3,0.248,2021
469,3rd,F,Jimmy Butler,31.0,MIA,131.0,500.0,0.262,7.0,26.0,18.0,52.0,33.6,21.5,6.9,7.1,2.1,0.3,0.497,0.245,0.863,9.3,0.255,2021
470,3rd,F,Paul George,30.0,LAC,89.0,500.0,0.178,0.0,13.0,50.0,54.0,33.7,23.3,6.6,5.2,1.1,0.4,0.467,0.411,0.868,5.3,0.139,2021
471,3rd,G,Bradley Beal,27.0,WAS,71.0,500.0,0.142,0.0,7.0,50.0,60.0,35.8,31.3,4.7,4.4,1.2,0.4,0.485,0.349,0.889,5.9,0.132,2021
472,3rd,G,Kyrie Irving,28.0,BRK,61.0,500.0,0.122,0.0,7.0,40.0,54.0,34.9,26.9,4.8,6.0,1.4,0.7,0.506,0.402,0.922,7.4,0.189,2021
474,ORV,F,Jayson Tatum,22.0,BOS,69.0,500.0,0.138,2.0,9.0,32.0,64.0,35.8,26.4,7.4,4.3,1.2,0.5,0.459,0.386,0.868,6.5,0.137,2021
475,ORV,G,Russell Westbrook,32.0,WAS,44.0,500.0,0.088,1.0,6.0,21.0,65.0,36.4,22.2,11.5,11.7,1.4,0.4,0.439,0.315,0.656,3.7,0.075,2021
476,ORV,G,James Harden,31.0,TOT,41.0,500.0,0.082,2.0,3.0,22.0,44.0,36.6,24.6,7.9,10.8,1.2,0.8,0.466,0.362,0.861,7.0,0.208,2021
477,ORV,F,Zion Williamson,20.0,NOP,37.0,500.0,0.074,0.0,3.0,28.0,61.0,33.2,27.0,7.2,3.7,0.9,0.6,0.611,0.294,0.698,8.7,0.205,2021
478,ORV,C,Bam Adebayo,23.0,MIA,32.0,500.0,0.064,0.0,5.0,17.0,64.0,33.5,18.7,9.0,5.4,1.2,1.0,0.57,0.25,0.799,8.8,0.197,2021
479,ORV,G,Donovan Mitchell,24.0,UTA,26.0,500.0,0.052,0.0,2.0,20.0,53.0,33.4,26.4,4.4,5.2,1.0,0.3,0.438,0.386,0.845,6.2,0.167,2021
480,ORV,F,Kevin Durant,32.0,BRK,23.0,500.0,0.046,1.0,4.0,6.0,35.0,33.1,26.9,7.1,5.6,0.7,1.3,0.537,0.45,0.882,5.0,0.206,2021
481,ORV,G,Devin Booker,24.0,PHO,21.0,500.0,0.042,0.0,3.0,12.0,67.0,33.9,25.6,4.2,4.3,0.8,0.2,0.484,0.34,0.867,4.9,0.104,2021
482,ORV,C,Domantas Sabonis,24.0,IND,6.0,500.0,0.012,0.0,1.0,3.0,62.0,36.0,20.3,12.0,6.7,1.2,0.5,0.535,0.321,0.732,6.9,0.149,2021
483,ORV,C,Clint Capela,26.0,ATL,6.0,500.0,0.012,0.0,0.0,6.0,63.0,30.1,15.2,14.3,0.8,0.7,2.0,0.594,0.0,0.573,8.2,0.207,2021
484,ORV,C,Anthony Davis,27.0,LAL,5.0,500.0,0.01,0.0,1.0,2.0,36.0,32.3,21.8,7.9,3.1,1.3,1.6,0.491,0.26,0.738,3.7,0.152,2021
485,ORV,G,Ben Simmons*,24.0,PHI,2.0,500.0,0.004,0.0,0.0,2.0,58.0,32.4,14.3,7.2,6.9,1.6,0.6,0.557,0.3,0.613,6.0,0.153,2021
486,ORV,C,Nikola Vučević,30.0,TOT,2.0,500.0,0.004,0.0,0.0,2.0,70.0,33.5,23.4,11.7,3.8,0.9,0.7,0.477,0.4,0.84,6.3,0.129,2021
487,ORV,G,Trae Young,22.0,ATL,2.0,500.0,0.004,0.0,0.0,2.0,63.0,33.7,25.3,3.9,9.4,0.8,0.2,0.438,0.343,0.886,7.2,0.163,2021
488,ORV,C,Draymond Green,30.0,GSW,1.0,500.0,0.002,0.0,0.0,1.0,63.0,31.5,7.0,7.1,8.9,1.7,0.8,0.447,0.27,0.795,4.6,0.112,2021
489,ORV,G,Zach LaVine,25.0,CHI,1.0,500.0,0.002,0.0,0.0,1.0,58.0,35.1,27.4,5.0,4.9,0.8,0.5,0.507,0.419,0.849,5.9,0.138,2021
490,ORV,F,Khris Middleton,29.0,MIL,1.0,500.0,0.002,0.0,0.0,1.0,68.0,33.4,20.4,6.0,5.4,1.1,0.1,0.476,0.414,0.898,6.4,0.135,2021
492,1T,F,Giannis Antetokounmpo,27.0,MIL,500.0,500.0,1.0,100.0,0.0,0.0,67.0,32.9,29.9,11.6,5.8,1.1,1.4,0.553,0.293,0.722,12.9,0.281,2022
493,1T,G,Luka Dončić,22.0,DAL,476.0,500.0,0.952,88.0,12.0,0.0,65.0,35.4,28.4,9.1,8.7,1.2,0.6,0.457,0.353,0.744,7.6,0.159,2022
494,1T,C,Nikola Jokić,26.0,DEN,476.0,500.0,0.952,88.0,12.0,0.0,74.0,33.5,27.1,13.8,7.9,1.5,0.9,0.583,0.337,0.81,15.2,0.296,2022
495,1T,G,Devin Booker,25.0,PHO,460.0,500.0,0.92,82.0,16.0,2.0,68.0,34.5,26.8,5.0,4.8,1.1,0.4,0.466,0.383,0.868,7.6,0.156,2022
496,1T,F,Jayson Tatum,23.0,BOS,390.0,500.0,0.78,49.0,47.0,4.0,76.0,35.9,26.9,8.0,4.4,1.0,0.6,0.453,0.353,0.853,9.6,0.169,2022
498,2T,C,Joel Embiid,27.0,PHI,414.0,500.0,0.828,57.0,43.0,0.0,68.0,33.8,30.6,11.7,4.2,1.1,1.5,0.499,0.371,0.814,12.0,0.252,2022
499,2T,G,Ja Morant,22.0,MEM,301.0,500.0,0.602,13.0,76.0,8.0,57.0,33.1,27.4,5.7,6.7,1.2,0.4,0.493,0.344,0.761,6.7,0.171,2022
500,2T,F,Kevin Durant,33.0,BRK,276.0,500.0,0.552,10.0,68.0,22.0,55.0,37.2,29.9,7.4,6.4,0.9,0.9,0.518,0.383,0.91,8.4,0.198,2022
501,2T,G,Stephen Curry,33.0,GSW,274.0,500.0,0.548,9.0,69.0,22.0,64.0,34.5,25.5,5.2,6.3,1.3,0.4,0.437,0.38,0.923,8.0,0.173,2022
502,2T,F,DeMar DeRozan,32.0,CHI,184.0,500.0,0.368,2.0,39.0,57.0,76.0,36.1,27.9,5.2,4.9,0.9,0.3,0.504,0.352,0.877,8.8,0.154,2022
504,3T,C,Karl-Anthony Towns,26.0,MIN,174.0,500.0,0.348,0.0,38.0,60.0,74.0,33.5,24.6,9.8,3.6,1.0,1.1,0.529,0.41,0.822,10.3,0.199,2022
505,3T,F,LeBron James,37.0,LAL,169.0,500.0,0.338,2.0,35.0,54.0,56.0,37.2,30.3,8.2,6.2,1.3,1.1,0.524,0.359,0.756,7.5,0.172,2022
506,3T,G,Chris Paul,36.0,PHO,114.0,500.0,0.228,0.0,16.0,66.0,65.0,32.9,14.7,4.4,10.8,1.9,0.3,0.493,0.317,0.837,9.4,0.21,2022
507,3T,G,Trae Young,23.0,ATL,110.0,500.0,0.22,0.0,11.0,77.0,76.0,34.9,28.4,3.7,9.7,0.9,0.1,0.46,0.382,0.904,10.0,0.181,2022
508,3T,F,Pascal Siakam,27.0,TOR,63.0,500.0,0.126,0.0,7.0,42.0,68.0,37.9,22.8,8.5,5.3,1.3,0.6,0.494,0.344,0.749,8.1,0.151,2022
510,ORV,C,Rudy Gobert,29.0,UTA,45.0,500.0,0.09,0.0,5.0,30.0,66.0,32.1,15.6,14.7,1.1,0.7,2.1,0.713,0.0,0.69,11.7,0.264,2022
511,ORV,F,Jimmy Butler,32.0,MIA,32.0,500.0,0.064,0.0,2.0,26.0,57.0,33.9,21.4,5.9,5.5,1.6,0.5,0.48,0.233,0.87,9.2,0.228,2022
512,ORV,C,Bam Adebayo,24.0,MIA,28.0,500.0,0.056,0.0,4.0,16.0,56.0,32.6,19.1,10.1,3.4,1.4,0.8,0.557,0.0,0.753,7.2,0.188,2022
513,ORV,G,Donovan Mitchell,25.0,UTA,4.0,500.0,0.008,0.0,0.0,4.0,67.0,33.8,25.9,4.2,5.3,1.5,0.2,0.448,0.355,0.853,7.2,0.152,2022
514,ORV,F,Jaylen Brown,25.0,BOS,3.0,500.0,0.006,0.0,0.0,3.0,66.0,33.6,23.6,6.1,3.5,1.1,0.3,0.473,0.358,0.758,5.8,0.124,2022
515,ORV,F,Desmond Bane,23.0,MEM,1.0,500.0,0.002,0.0,0.0,1.0,76.0,29.8,18.2,4.4,2.7,1.2,0.4,0.461,0.436,0.903,7.2,0.153,2022
516,ORV,G,Mikal Bridges,25.0,PHO,1.0,500.0,0.002,0.0,0.0,1.0,82.0,34.8,14.2,4.2,2.3,1.2,0.4,0.534,0.369,0.834,8.9,0.15,2022
517,ORV,G,Jrue Holiday,31.0,MIL,1.0,500.0,0.002,0.0,0.0,1.0,67.0,33.0,18.3,4.5,6.8,1.6,0.4,0.501,0.411,0.761,6.9,0.15,2022
518,ORV,G,Kyrie Irving,29.0,BRK,1.0,500.0,0.002,0.0,0.0,1.0,29.0,37.6,27.4,4.4,5.8,1.4,0.6,0.469,0.418,0.915,3.3,0.147,2022
519,ORV,F,Khris Middleton,30.0,MIL,1.0,500.0,0.002,0.0,0.0,1.0,66.0,32.4,20.1,5.4,5.4,1.2,0.3,0.443,0.373,0.89,5.3,0.119,2022
520,ORV,G,Dejounte Murray,25.0,SAS,1.0,500.0,0.002,0.0,0.0,1.0,68.0,34.8,21.1,8.3,9.2,2.0,0.3,0.462,0.327,0.794,7.3,0.149,2022
521,ORV,G,Fred VanVleet,27.0,TOR,1.0,500.0,0.002,0.0,0.0,1.0,65.0,37.9,20.3,4.4,6.7,1.7,0.5,0.403,0.377,0.874,6.7,0.131,2022
523,1T,F,Giannis Antetokounmpo,28.0,MIL,500.0,500.0,1.0,100.0,0.0,0.0,63.0,32.1,31.1,11.8,5.7,0.8,0.8,0.553,0.275,0.645,8.6,0.204,2023
524,1T,F,Jayson Tatum,24.0,BOS,484.0,500.0,0.968,92.0,8.0,0.0,74.0,36.9,30.1,8.8,4.6,1.1,0.7,0.466,0.35,0.854,10.5,0.185,2023
525,1T,C,Joel Embiid,28.0,PHI,474.0,500.0,0.948,87.0,13.0,0.0,66.0,34.6,33.1,10.2,4.2,1.0,1.7,0.548,0.33,0.857,12.3,0.259,2023
526,1T,G,Shai Gilgeous-Alexander,24.0,OKC,407.0,500.0,0.814,63.0,29.0,5.0,68.0,35.5,31.4,4.8,5.5,1.6,1.0,0.51,0.345,0.905,11.4,0.226,2023
527,1T,G,Luka Dončić,23.0,DAL,403.0,500.0,0.806,60.0,33.0,4.0,66.0,36.2,32.4,8.6,8.0,1.4,0.5,0.496,0.342,0.742,10.2,0.204,2023
529,2T,C,Nikola Jokić,27.0,DEN,364.0,500.0,0.728,32.0,68.0,0.0,69.0,33.7,24.5,11.8,9.8,1.3,0.7,0.632,0.383,0.822,14.9,0.308,2023
530,2T,G,Donovan Mitchell,26.0,CLE,349.0,500.0,0.698,45.0,36.0,16.0,68.0,35.8,28.3,4.3,4.4,1.5,0.4,0.484,0.386,0.867,8.9,0.176,2023
531,2T,G,Stephen Curry,34.0,GSW,188.0,500.0,0.376,17.0,20.0,43.0,56.0,34.7,29.4,6.1,6.3,0.9,0.4,0.493,0.427,0.915,7.8,0.192,2023
532,2T,F,Jimmy Butler,33.0,MIA,182.0,500.0,0.364,1.0,52.0,21.0,64.0,33.4,22.9,5.9,5.3,1.8,0.3,0.539,0.35,0.85,12.3,0.277,2023
533,2T,F,Jaylen Brown,26.0,BOS,169.0,500.0,0.338,1.0,45.0,29.0,67.0,35.9,26.6,6.9,3.5,1.1,0.4,0.491,0.335,0.765,5.0,0.1,2023
535,3T,C,Domantas Sabonis,26.0,SAC,147.0,500.0,0.294,0.0,26.0,69.0,79.0,34.6,19.1,12.3,7.3,0.8,0.5,0.615,0.373,0.742,12.6,0.221,2023
536,3T,G,De'Aaron Fox,25.0,SAC,144.0,500.0,0.288,1.0,33.0,40.0,73.0,33.4,25.0,4.2,6.1,1.1,0.3,0.512,0.324,0.78,7.4,0.146,2023
537,3T,G,Damian Lillard,32.0,POR,137.0,500.0,0.274,0.0,36.0,29.0,58.0,36.3,32.2,4.8,7.3,0.9,0.3,0.463,0.371,0.914,9.0,0.205,2023
538,3T,F,Julius Randle,28.0,NYK,125.0,500.0,0.25,0.0,30.0,35.0,77.0,35.5,25.1,10.0,4.1,0.6,0.3,0.459,0.343,0.757,8.1,0.142,2023
539,3T,F,LeBron James,38.0,LAL,81.0,500.0,0.162,0.0,16.0,33.0,55.0,35.5,28.9,8.3,6.8,0.9,0.6,0.5,0.321,0.768,5.6,0.138,2023
541,ORV,C,Anthony Davis,29.0,LAL,65.0,500.0,0.13,0.0,13.0,26.0,56.0,34.0,25.9,12.5,2.6,1.1,2.0,0.563,0.257,0.784,9.0,0.226,2023
542,ORV,F,Lauri Markkanen,25.0,UTA,49.0,500.0,0.098,0.0,6.0,31.0,66.0,34.4,25.6,8.6,1.9,0.6,0.6,0.499,0.391,0.875,8.2,0.173,2023
543,ORV,G,Ja Morant,23.0,MEM,44.0,500.0,0.088,0.0,10.0,14.0,61.0,31.9,26.2,5.9,8.1,1.1,0.3,0.466,0.307,0.748,6.0,0.148,2023
544,ORV,G,Jrue Holiday,32.0,MIL,39.0,500.0,0.078,1.0,5.0,19.0,67.0,32.6,19.3,5.1,7.4,1.2,0.4,0.479,0.384,0.859,6.7,0.148,2023
545,ORV,F,Kevin Durant,34.0,TOT,35.0,500.0,0.07,0.0,7.0,14.0,47.0,35.6,29.1,6.7,5.0,0.7,1.4,0.56,0.404,0.919,6.8,0.194,2023
546,ORV,G,Jalen Brunson,26.0,NYK,23.0,500.0,0.046,0.0,5.0,8.0,68.0,35.0,24.0,3.5,6.2,0.9,0.2,0.491,0.416,0.829,8.7,0.175,2023
547,ORV,F,Kawhi Leonard,31.0,LAC,15.0,500.0,0.03,0.0,4.0,3.0,52.0,33.6,23.8,6.5,3.9,1.4,0.5,0.512,0.416,0.871,7.1,0.194,2023
548,ORV,F,Pascal Siakam,28.0,TOR,15.0,500.0,0.03,0.0,1.0,12.0,71.0,37.4,24.2,7.8,5.8,0.9,0.5,0.48,0.324,0.774,7.8,0.141,2023
549,ORV,F,Anthony Edwards,21.0,MIN,14.0,500.0,0.028,0.0,2.0,8.0,79.0,36.0,24.6,5.8,4.4,1.6,0.7,0.459,0.369,0.756,3.8,0.064,2023
550,ORV,F,Jaren Jackson Jr.,23.0,MEM,11.0,500.0,0.022,0.0,1.0,8.0,63.0,28.4,18.6,6.8,1.0,1.0,3.0,0.506,0.355,0.788,6.6,0.177,2023
551,ORV,G,Devin Booker,26.0,PHO,10.0,500.0,0.02,0.0,1.0,7.0,53.0,34.6,27.8,4.5,5.5,1.0,0.3,0.494,0.351,0.855,6.0,0.157,2023
552,ORV,C,Bam Adebayo,25.0,MIA,9.0,500.0,0.018,0.0,0.0,9.0,75.0,34.6,20.4,9.2,3.2,1.2,0.8,0.54,0.083,0.806,7.4,0.137,2023
553,ORV,G,James Harden,33.0,PHI,6.0,500.0,0.012,0.0,0.0,6.0,58.0,36.8,21.0,6.1,10.7,1.2,0.5,0.441,0.385,0.867,8.4,0.188,2023
554,ORV,F,Mikal Bridges,26.0,TOT,2.0,500.0,0.004,0.0,0.0,2.0,83.0,35.7,20.1,4.4,3.3,1.1,0.7,0.468,0.382,0.895,7.5,0.121,2023
555,ORV,F,DeMar DeRozan,33.0,CHI,2.0,500.0,0.004,0.0,0.0,2.0,74.0,36.2,24.5,4.6,5.1,1.1,0.5,0.504,0.324,0.872,8.5,0.153,2023
556,ORV,C,Kristaps Porziņģis,27.0,WAS,2.0,500.0,0.004,0.0,0.0,2.0,65.0,32.6,23.2,8.4,2.7,0.9,1.5,0.498,0.385,0.851,7.7,0.174,2023
557,ORV,F,Paul George,32.0,LAC,1.0,500.0,0.002,0.0,0.0,1.0,56.0,34.6,23.8,6.1,5.1,1.5,0.4,0.457,0.371,0.871,4.6,0.114,2023
558,ORV,G,Tyrese Haliburton,22.0,IND,1.0,500.0,0.002,0.0,0.0,1.0,56.0,33.6,20.7,3.7,10.4,1.6,0.4,0.49,0.4,0.871,7.6,0.195,2023
559,ORV,F,Zach LaVine,27.0,CHI,1.0,500.0,0.002,0.0,0.0,1.0,77.0,35.9,24.8,4.5,4.2,0.9,0.2,0.485,0.375,0.848,7.1,0.123,2023
560,ORV,C,Brook Lopez,34.0,MIL,1.0,500.0,0.002,0.0,0.0,1.0,78.0,30.4,15.9,6.7,1.3,0.5,2.5,0.531,0.374,0.784,8.0,0.161,2023
561,ORV,G,Trae Young,24.0,ATL,1.0,500.0,0.002,0.0,0.0,1.0,73.0,34.8,26.2,3.0,10.2,1.1,0.1,0.429,0.335,0.886,6.7,0.126,2023
563,1T,G,Shai Gilgeous-Alexander,25.0,OKC,495.0,495.0,1.0,99.0,0.0,0.0,75.0,34.0,30.1,5.5,6.2,2.0,0.9,0.535,0.353,0.874,14.6,0.275,2024
564,1T,C,Nikola Jokić,28.0,DEN,495.0,495.0,1.0,99.0,0.0,0.0,79.0,34.6,26.4,12.4,9.0,1.4,0.9,0.583,0.359,0.817,17.0,0.299,2024
565,1T,G,Luka Dončić,24.0,DAL,493.0,495.0,0.996,98.0,1.0,0.0,70.0,37.5,33.9,9.2,9.8,1.4,0.5,0.487,0.382,0.786,12.0,0.22,2024
566,1T,F,Giannis Antetokounmpo,29.0,MIL,473.0,495.0,0.956,88.0,11.0,0.0,73.0,35.2,30.4,11.5,6.5,1.2,1.1,0.611,0.274,0.657,13.2,0.246,2024
567,1T,F,Jayson Tatum,25.0,BOS,427.0,495.0,0.863,65.0,34.0,0.0,74.0,35.7,26.9,8.1,4.9,1.0,0.6,0.471,0.376,0.833,10.4,0.189,2024
569,2T,G,Jalen Brunson,27.0,NYK,368.0,495.0,0.743,37.0,61.0,0.0,77.0,35.4,28.7,3.6,6.7,0.9,0.2,0.479,0.401,0.847,11.2,0.198,2024
570,2T,G,Anthony Edwards,22.0,MIN,285.0,495.0,0.576,3.0,87.0,9.0,79.0,35.1,25.9,5.4,5.1,1.3,0.5,0.461,0.357,0.836,7.5,0.13,2024
571,2T,F,Kevin Durant,35.0,PHO,274.0,495.0,0.554,2.0,85.0,9.0,75.0,37.2,27.1,6.6,5.0,0.9,1.2,0.523,0.413,0.856,8.3,0.142,2024
572,2T,F,Kawhi Leonard,32.0,LAC,242.0,495.0,0.489,1.0,72.0,21.0,68.0,34.3,23.7,6.1,3.6,1.6,0.9,0.525,0.417,0.885,8.9,0.184,2024
573,2T,C,Anthony Davis,30.0,LAL,230.0,495.0,0.465,1.0,65.0,30.0,76.0,35.5,24.7,12.6,3.5,1.2,2.3,0.556,0.271,0.816,11.8,0.21,2024
575,3T,F,LeBron James,39.0,LAL,164.0,495.0,0.331,1.0,32.0,63.0,71.0,35.3,25.7,7.3,8.3,1.3,0.5,0.54,0.41,0.75,8.5,0.164,2024
576,3T,G,Stephen Curry,35.0,GSW,117.0,495.0,0.236,0.0,13.0,78.0,74.0,32.7,26.4,4.5,5.1,0.7,0.4,0.45,0.408,0.923,7.2,0.142,2024
577,3T,F,Domantas Sabonis,27.0,SAC,104.0,495.0,0.21,1.0,16.0,51.0,82.0,35.7,19.4,13.7,8.2,0.9,0.6,0.594,0.379,0.704,12.6,0.206,2024
578,3T,G,Tyrese Haliburton,23.0,IND,75.0,495.0,0.152,0.0,2.0,69.0,69.0,32.2,20.1,3.9,10.9,1.2,0.7,0.477,0.364,0.855,9.0,0.195,2024
579,3T,G,Devin Booker,27.0,PHO,70.0,495.0,0.141,0.0,7.0,49.0,68.0,36.0,27.1,4.5,6.9,0.9,0.4,0.492,0.364,0.886,9.2,0.181,2024
581,ORV,F,Jaylen Brown,27.0,BOS,50.0,495.0,0.101,0.0,0.0,50.0,70.0,33.5,23.0,5.5,3.6,1.2,0.5,0.499,0.354,0.703,5.9,0.121,2024
582,ORV,G,Tyrese Maxey,23.0,PHI,16.0,495.0,0.032,0.0,1.0,13.0,70.0,37.5,25.9,3.7,6.2,1.0,0.5,0.45,0.373,0.868,8.1,0.147,2024
583,ORV,F,Paul George,33.0,LAC,16.0,495.0,0.032,0.0,0.0,16.0,74.0,33.8,22.6,5.2,3.5,1.5,0.5,0.471,0.413,0.907,7.3,0.14,2024
584,ORV,C,Rudy Gobert,31.0,MIN,12.0,495.0,0.024,0.0,1.0,9.0,76.0,34.1,14.0,12.9,1.3,0.7,2.1,0.661,0.0,0.638,11.6,0.216,2024
585,ORV,C,Victor Wembanyama,20.0,SAS,11.0,495.0,0.022,0.0,2.0,5.0,71.0,29.7,21.4,10.6,3.9,1.2,3.6,0.465,0.325,0.796,3.7,0.085,2024
586,ORV,F,Zion Williamson,23.0,NOP,11.0,495.0,0.022,0.0,1.0,8.0,70.0,31.5,22.9,5.8,5.0,1.1,0.7,0.57,0.333,0.702,7.5,0.164,2024
587,ORV,F,Paolo Banchero,21.0,ORL,10.0,495.0,0.02,0.0,2.0,4.0,80.0,35.0,22.6,6.9,5.4,0.9,0.6,0.455,0.339,0.725,5.3,0.09,2024
588,ORV,G,De'Aaron Fox,26.0,SAC,9.0,495.0,0.018,0.0,1.0,6.0,74.0,35.9,26.6,4.6,5.6,2.0,0.4,0.465,0.369,0.738,6.5,0.117,2024
589,ORV,C,Bam Adebayo,26.0,MIA,7.0,495.0,0.014,0.0,1.0,4.0,71.0,34.0,19.3,10.4,3.9,1.1,0.9,0.521,0.357,0.755,7.2,0.144,2024
590,ORV,F,DeMar DeRozan,34.0,CHI,1.0,495.0,0.002,0.0,0.0,1.0,79.0,37.8,24.0,4.3,5.3,1.1,0.6,0.48,0.333,0.853,9.2,0.147,2024
