,# Tm,Player,Age,Tm,Pts Won,Pts Max,Share,1st Tm,2nd Tm,G,MP,PTS,TRB,AST,STL,BLK,FG%,3P%,FT%,WS,WS/48,season
0,1st,Stephen Curry,21.0,GSW,58.0,58.0,1.0,29.0,0.0,80.0,36.2,17.5,4.5,5.9,1.9,0.2,0.462,0.437,0.885,4.7,0.077,2010
1,1st,Tyreke Evans,20.0,SAC,58.0,58.0,1.0,29.0,0.0,72.0,37.2,20.1,5.3,5.8,1.5,0.4,0.458,0.255,0.748,5.4,0.097,2010
2,1st,Brandon Jennings,20.0,MIL,58.0,58.0,1.0,29.0,0.0,82.0,32.6,15.5,3.4,5.7,1.3,0.2,0.371,0.374,0.817,4.2,0.075,2010
3,1st,Darren Collison,22.0,NOH,46.0,58.0,0.793,20.0,6.0,76.0,27.8,12.4,2.5,5.7,1.0,0.1,0.477,0.4,0.851,2.9,0.067,2010
4,1st,Taj Gibson,24.0,CHI,41.0,58.0,0.707,15.0,11.0,82.0,26.9,9.0,7.5,0.9,0.6,1.3,0.494,,0.646,4.7,0.103,2010
6,2nd,Marcus Thornton,22.0,NOH,31.0,58.0,0.534,6.0,19.0,73.0,25.6,14.5,2.9,1.6,0.8,0.2,0.451,0.374,0.814,4.0,0.103,2010
7,2nd,DeJuan Blair,20.0,SAS,30.0,58.0,0.517,6.0,18.0,82.0,18.2,7.8,6.4,0.8,0.6,0.5,0.556,0.0,0.547,4.6,0.147,2010
8,2nd,Jonny Flynn,20.0,MIN,22.0,58.0,0.379,4.0,14.0,81.0,28.9,13.5,2.4,4.4,1.0,0.0,0.417,0.358,0.826,0.1,0.002,2010
9,2nd,James Harden,20.0,OKC,22.0,58.0,0.379,4.0,14.0,76.0,22.9,9.9,3.2,1.8,1.1,0.3,0.403,0.375,0.808,4.5,0.124,2010
10,2nd,Jonas Jerebko,22.0,DET,22.0,58.0,0.379,2.0,18.0,80.0,27.9,9.3,6.0,0.7,1.0,0.4,0.481,0.313,0.71,4.4,0.095,2010
12,ORV,Wesley Matthews,23.0,UTA,16.0,58.0,0.276,3.0,10.0,82.0,24.7,9.4,2.3,1.5,0.8,0.2,0.483,0.382,0.829,4.6,0.108,2010
13,ORV,Omri Casspi,21.0,SAC,13.0,58.0,0.224,0.0,13.0,77.0,25.1,10.3,4.5,1.2,0.7,0.2,0.446,0.369,0.672,2.5,0.063,2010
14,ORV,Chase Budinger,21.0,HOU,8.0,58.0,0.138,0.0,8.0,74.0,20.1,8.9,3.0,1.2,0.5,0.1,0.441,0.369,0.77,3.1,0.1,2010
15,ORV,Jrue Holiday,19.0,PHI,7.0,58.0,0.121,1.0,5.0,73.0,24.2,8.0,2.6,3.8,1.1,0.2,0.442,0.39,0.756,1.2,0.032,2010
16,ORV,Ty Lawson,22.0,DEN,7.0,58.0,0.121,0.0,7.0,65.0,20.3,8.3,1.9,3.1,0.7,0.0,0.515,0.41,0.757,3.7,0.135,2010
17,ORV,Serge Ibaka,20.0,OKC,6.0,58.0,0.103,1.0,4.0,73.0,18.1,6.3,5.4,0.1,0.3,1.3,0.543,0.5,0.63,3.7,0.134,2010
18,ORV,Toney Douglas,23.0,NYK,2.0,58.0,0.034,1.0,0.0,56.0,19.4,8.6,1.9,2.0,0.8,0.1,0.458,0.389,0.809,2.2,0.097,2010
19,ORV,Rodrigue Beaubois,21.0,DAL,1.0,58.0,0.017,0.0,1.0,56.0,12.5,7.1,1.4,1.3,0.5,0.2,0.518,0.409,0.808,2.0,0.134,2010
20,ORV,DeMar DeRozan,20.0,TOR,1.0,58.0,0.017,0.0,1.0,77.0,21.6,8.6,2.9,0.7,0.6,0.2,0.498,0.25,0.763,2.3,0.066,2010
21,ORV,Sam Young,24.0,MEM,1.0,58.0,0.017,0.0,1.0,80.0,16.5,7.4,2.5,0.7,0.4,0.3,0.451,0.196,0.777,1.2,0.044,2010
22,1st,Blake Griffin,21.0,LAC,58.0,58.0,1.0,29.0,0.0,82.0,38.0,22.5,12.1,3.8,0.8,0.5,0.506,0.292,0.642,9.8,0.152,2011
23,1st,John Wall,20.0,WAS,57.0,58.0,0.983,28.0,1.0,69.0,37.8,16.4,4.6,8.3,1.8,0.5,0.409,0.296,0.766,2.2,0.041,2011
24,1st,Landry Fields,22.0,NYK,56.0,58.0,0.966,28.0,0.0,82.0,31.0,9.7,6.4,1.9,1.0,0.2,0.497,0.393,0.769,5.3,0.1,2011
25,1st,DeMarcus Cousins,20.0,SAC,54.0,58.0,0.931,26.0,2.0,81.0,28.5,14.1,8.6,2.5,1.0,0.8,0.43,0.167,0.687,1.1,0.022,2011
26,1st,Gary Neal,26.0,SAS,44.0,58.0,0.759,18.0,8.0,80.0,21.1,9.8,2.5,1.2,0.3,0.1,0.451,0.419,0.808,3.5,0.099,2011
28,2nd,Greg Monroe,20.0,DET,42.0,58.0,0.724,13.0,16.0,80.0,27.8,9.4,7.5,1.3,1.2,0.6,0.551,0.0,0.622,6.6,0.143,2011
29,2nd,Wesley Johnson,23.0,MIN,26.0,58.0,0.448,4.0,18.0,79.0,26.2,9.0,3.0,1.9,0.7,0.7,0.397,0.356,0.696,1.3,0.03,2011
30,2nd,Eric Bledsoe,21.0,LAC,19.0,58.0,0.328,0.0,19.0,81.0,22.7,6.7,2.8,3.6,1.1,0.3,0.424,0.276,0.744,0.3,0.008,2011
31,2nd,Paul George,20.0,IND,12.0,58.0,0.207,1.0,10.0,61.0,20.7,7.8,3.7,1.1,1.0,0.4,0.453,0.297,0.762,2.4,0.091,2011
33,ORV,Evan Turner,22.0,PHI,12.0,58.0,0.207,0.0,12.0,78.0,23.0,7.2,3.9,2.0,0.6,0.2,0.425,0.318,0.808,2.3,0.06,2011
34,ORV,Ed Davis,21.0,TOR,10.0,58.0,0.172,1.0,8.0,65.0,24.6,7.7,7.1,0.6,0.6,1.0,0.576,,0.555,4.0,0.119,2011
35,ORV,Gordon Hayward,20.0,UTA,7.0,58.0,0.121,0.0,7.0,72.0,16.9,5.4,1.9,1.1,0.4,0.3,0.485,0.473,0.711,1.2,0.048,2011
36,ORV,Ömer Aşık,24.0,CHI,6.0,58.0,0.103,1.0,4.0,82.0,12.1,2.8,3.7,0.4,0.2,0.7,0.553,,0.503,2.7,0.13,2011
37,ORV,Patrick Patterson,21.0,HOU,5.0,58.0,0.086,0.0,5.0,52.0,16.7,6.3,3.8,0.8,0.3,0.7,0.558,0.0,0.714,2.4,0.134,2011
38,ORV,Al-Farouq Aminu,20.0,LAC,3.0,58.0,0.052,0.0,3.0,81.0,17.9,5.6,3.3,0.7,0.7,0.3,0.394,0.315,0.773,0.7,0.022,2011
39,ORV,Tiago Splitter,26.0,SAS,3.0,58.0,0.052,0.0,3.0,60.0,12.3,4.6,3.4,0.4,0.5,0.3,0.529,0.0,0.543,2.3,0.149,2011
40,ORV,Trevor Booker,23.0,WAS,1.0,58.0,0.017,0.0,1.0,65.0,16.4,5.3,3.9,0.5,0.4,0.6,0.549,0.0,0.673,2.6,0.119,2011
41,ORV,Christian Eyenga,21.0,CLE,1.0,58.0,0.017,0.0,1.0,44.0,21.5,6.9,2.8,0.8,0.8,0.6,0.425,0.275,0.643,-0.3,-0.016,2011
42,ORV,Ekpe Udoh,23.0,GSW,1.0,58.0,0.017,0.0,1.0,58.0,17.8,4.1,3.1,0.7,0.4,1.5,0.437,,0.656,0.7,0.032,2011
43,1st,Kyrie Irving,19.0,CLE,58.0,58.0,1.0,29.0,0.0,51.0,30.5,18.5,3.7,5.4,1.1,0.4,0.469,0.399,0.872,4.1,0.125,2012
44,1st,Ricky Rubio,21.0,MIN,49.0,58.0,0.845,21.0,7.0,41.0,34.2,10.6,4.2,8.2,2.2,0.2,0.357,0.34,0.803,2.0,0.07,2012
45,1st,Kenneth Faried,22.0,DEN,46.0,58.0,0.793,19.0,8.0,46.0,22.5,10.2,7.7,0.8,0.7,1.0,0.586,,0.665,4.6,0.212,2012
46,1st,Klay Thompson,21.0,GSW,43.0,58.0,0.741,16.0,11.0,66.0,24.4,12.5,2.4,2.0,0.7,0.3,0.443,0.414,0.868,1.7,0.05,2012
47,1st,Iman Shumpert,21.0,NYK,40.0,58.0,0.69,15.0,10.0,59.0,28.9,9.5,3.2,2.8,1.7,0.1,0.401,0.306,0.798,2.4,0.068,2012
48,1st,Kawhi Leonard,20.0,SAS,40.0,58.0,0.69,14.0,12.0,64.0,24.0,7.9,5.1,1.1,1.3,0.4,0.493,0.376,0.773,5.5,0.171,2012
49,1st,Brandon Knight,20.0,DET,40.0,58.0,0.69,13.0,14.0,66.0,32.3,12.8,3.2,3.8,0.7,0.2,0.415,0.38,0.759,1.3,0.029,2012
51,2nd,Chandler Parsons,23.0,HOU,33.0,58.0,0.569,10.0,13.0,63.0,28.6,9.5,4.8,2.1,1.2,0.5,0.452,0.337,0.551,3.4,0.09,2012
52,2nd,Isaiah Thomas,22.0,SAC,27.0,58.0,0.466,5.0,17.0,65.0,25.5,11.5,2.6,4.1,0.8,0.1,0.448,0.379,0.832,4.3,0.124,2012
53,2nd,MarShon Brooks,23.0,NJN,18.0,58.0,0.31,3.0,12.0,56.0,29.4,12.6,3.6,2.3,0.9,0.3,0.428,0.313,0.764,0.8,0.022,2012
54,2nd,Tristan Thompson,20.0,CLE,16.0,58.0,0.276,2.0,12.0,60.0,23.7,8.2,6.5,0.5,0.5,1.0,0.439,0.0,0.552,1.1,0.038,2012
55,2nd,Derrick Williams,20.0,MIN,16.0,58.0,0.276,2.0,12.0,66.0,21.5,8.8,4.7,0.6,0.5,0.5,0.412,0.268,0.697,1.8,0.059,2012
57,ORV,Markieff Morris,22.0,PHO,7.0,58.0,0.121,1.0,5.0,63.0,19.5,7.4,4.4,1.0,0.7,0.7,0.399,0.347,0.717,1.5,0.059,2012
58,ORV,Kemba Walker,21.0,CHA,7.0,58.0,0.121,0.0,7.0,66.0,27.2,12.1,3.5,4.4,0.9,0.3,0.366,0.305,0.789,0.3,0.009,2012
59,ORV,Bismack Biyombo,19.0,CHA,2.0,58.0,0.034,0.0,2.0,63.0,23.1,5.2,5.8,0.4,0.3,1.8,0.464,,0.483,0.6,0.019,2012
60,ORV,Alec Burks,20.0,UTA,2.0,58.0,0.034,0.0,2.0,59.0,15.9,7.2,2.2,0.9,0.5,0.1,0.429,0.333,0.727,1.5,0.076,2012
61,ORV,Norris Cole,23.0,MIA,2.0,58.0,0.034,0.0,2.0,65.0,19.4,6.8,1.4,2.0,0.7,0.0,0.393,0.276,0.776,0.0,0.0,2012
62,ORV,Gustavo Ayón,26.0,NOH,1.0,58.0,0.017,0.0,1.0,54.0,20.1,5.9,4.9,1.4,1.0,0.9,0.536,0.0,0.619,3.2,0.142,2012
63,ORV,Enes Freedom,19.0,UTA,1.0,58.0,0.017,0.0,1.0,66.0,13.2,4.6,4.2,0.1,0.3,0.3,0.496,0.0,0.667,1.7,0.095,2012
64,ORV,Greg Stiemsma,26.0,BOS,1.0,58.0,0.017,0.0,1.0,55.0,13.9,2.9,3.2,0.5,0.7,1.5,0.545,,0.707,2.7,0.17,2012
65,ORV,Nikola Vučević,21.0,PHI,1.0,58.0,0.017,0.0,1.0,51.0,15.9,5.5,4.8,0.6,0.4,0.7,0.45,0.375,0.529,1.8,0.109,2012
66,1st,Damian Lillard,22.0,POR,58.0,58.0,1.0,29.0,0.0,82.0,38.6,19.0,3.1,6.5,0.9,0.2,0.429,0.368,0.844,5.8,0.088,2013
67,1st,Bradley Beal,19.0,WAS,57.0,58.0,0.983,28.0,1.0,56.0,31.2,13.9,3.8,2.4,0.9,0.5,0.41,0.386,0.786,3.0,0.082,2013
68,1st,Anthony Davis,19.0,NOH,57.0,58.0,0.983,28.0,1.0,64.0,28.8,13.5,8.2,1.0,1.2,1.8,0.516,0.0,0.751,6.1,0.159,2013
69,1st,Dion Waiters,21.0,CLE,50.0,58.0,0.862,21.0,8.0,61.0,28.8,14.7,2.4,3.0,1.0,0.3,0.412,0.31,0.746,0.9,0.026,2013
70,1st,Harrison Barnes,20.0,GSW,47.0,58.0,0.81,18.0,11.0,81.0,25.4,9.2,4.1,1.2,0.6,0.2,0.439,0.359,0.758,2.8,0.065,2013
72,2nd,Andre Drummond,19.0,DET,35.0,58.0,0.603,10.0,15.0,60.0,20.7,7.9,7.6,0.5,1.0,1.6,0.608,0.5,0.371,4.5,0.172,2013
73,2nd,Jonas Valančiūnas,20.0,TOR,31.0,58.0,0.534,6.0,19.0,62.0,23.9,8.9,6.0,0.7,0.3,1.3,0.557,,0.789,3.9,0.127,2013
74,2nd,Michael Kidd-Gilchrist,19.0,CHA,29.0,58.0,0.5,3.0,23.0,78.0,26.0,9.0,5.8,1.5,0.7,0.9,0.458,0.222,0.749,2.1,0.051,2013
75,2nd,Kyle Singler,24.0,DET,17.0,58.0,0.293,1.0,15.0,82.0,28.0,8.8,4.0,0.9,0.7,0.5,0.428,0.35,0.806,2.3,0.048,2013
76,2nd,Tyler Zeller,23.0,CLE,15.0,58.0,0.259,3.0,9.0,77.0,26.4,7.9,5.7,1.2,0.5,0.9,0.438,0.0,0.764,2.0,0.048,2013
78,ORV,Maurice Harkless,19.0,ORL,14.0,58.0,0.241,1.0,12.0,76.0,26.0,8.2,4.4,0.7,1.2,0.8,0.461,0.274,0.57,2.4,0.059,2013
79,ORV,Alexey Shved,24.0,MIN,14.0,58.0,0.241,1.0,12.0,77.0,23.9,8.6,2.3,3.7,0.7,0.4,0.372,0.295,0.72,0.8,0.02,2013
80,ORV,Chris Copeland,28.0,NYK,9.0,58.0,0.155,1.0,7.0,56.0,15.4,8.7,2.1,0.5,0.3,0.2,0.479,0.421,0.759,2.1,0.117,2013
81,ORV,Brian Roberts,27.0,NOH,5.0,58.0,0.086,0.0,5.0,78.0,17.0,7.1,1.2,2.8,0.5,0.0,0.417,0.386,0.909,2.2,0.078,2013
82,ORV,Andrew Nicholson,23.0,ORL,4.0,58.0,0.069,0.0,4.0,75.0,16.7,7.8,3.4,0.6,0.3,0.4,0.527,,0.798,1.7,0.065,2013
83,ORV,Jae Crowder,22.0,DAL,1.0,58.0,0.017,0.0,1.0,78.0,17.3,5.0,2.4,1.2,0.8,0.2,0.384,0.328,0.644,1.5,0.055,2013
84,ORV,Festus Ezeli,23.0,GSW,1.0,58.0,0.017,0.0,1.0,78.0,14.4,2.4,4.0,0.3,0.3,0.9,0.438,,0.531,1.5,0.066,2013
85,ORV,Draymond Green,22.0,GSW,1.0,58.0,0.017,0.0,1.0,79.0,13.4,2.9,3.3,0.7,0.5,0.3,0.327,0.209,0.818,0.6,0.028,2013
86,ORV,John Jenkins,21.0,ATL,1.0,58.0,0.017,0.0,1.0,61.0,14.8,6.1,1.5,0.9,0.2,0.2,0.446,0.384,0.843,1.7,0.091,2013
87,ORV,Terrence Jones,21.0,HOU,1.0,58.0,0.017,0.0,1.0,19.0,14.5,5.5,3.4,0.8,0.6,1.0,0.457,0.263,0.765,0.7,0.128,2013
88,ORV,Pablo Prigioni,35.0,NYK,1.0,58.0,0.017,0.0,1.0,78.0,16.2,3.5,1.8,3.0,0.9,0.0,0.455,0.396,0.88,3.2,0.123,2013
89,ORV,Terrence Ross,21.0,TOR,1.0,58.0,0.017,0.0,1.0,73.0,17.0,6.4,2.0,0.7,0.6,0.2,0.407,0.332,0.714,0.9,0.034,2013
90,ORV,Jeff Taylor,23.0,CHA,1.0,58.0,0.017,0.0,1.0,77.0,19.6,6.1,1.9,0.8,0.6,0.2,0.431,0.344,0.728,1.2,0.039,2013
91,1st,Michael Carter-Williams,22.0,PHI,250.0,250.0,1.0,125.0,0.0,70.0,34.5,16.7,6.2,6.3,1.9,0.6,0.405,0.264,0.703,1.3,0.026,2014
92,1st,Victor Oladipo,21.0,ORL,248.0,250.0,0.992,124.0,0.0,80.0,31.1,13.8,4.1,4.1,1.6,0.5,0.419,0.327,0.78,1.3,0.026,2014
93,1st,Trey Burke,21.0,UTA,230.0,250.0,0.92,108.0,14.0,70.0,32.3,12.8,3.0,5.7,0.6,0.1,0.38,0.33,0.903,0.9,0.02,2014
94,1st,Mason Plumlee,23.0,BRK,214.0,250.0,0.856,95.0,24.0,70.0,18.2,7.4,4.4,0.9,0.7,0.8,0.659,0.0,0.626,4.7,0.176,2014
95,1st,Tim Hardaway Jr.,21.0,NYK,204.0,250.0,0.816,87.0,30.0,81.0,23.1,10.2,1.5,0.8,0.5,0.1,0.428,0.363,0.828,3.1,0.08,2014
97,2nd,Kelly Olynyk,22.0,BOS,119.0,250.0,0.476,19.0,81.0,70.0,20.0,8.7,5.2,1.6,0.5,0.4,0.466,0.351,0.811,2.9,0.101,2014
98,2nd,Giannis Antetokounmpo,19.0,MIL,116.0,250.0,0.464,15.0,86.0,77.0,24.6,6.8,4.4,1.9,0.8,0.8,0.414,0.347,0.683,1.2,0.031,2014
99,2nd,Gorgui Dieng,24.0,MIN,96.0,250.0,0.384,21.0,54.0,60.0,13.6,4.8,5.0,0.7,0.5,0.8,0.498,1.0,0.634,2.2,0.129,2014
100,2nd,Cody Zeller,21.0,CHA,67.0,250.0,0.268,3.0,61.0,82.0,17.3,6.0,4.3,1.1,0.5,0.5,0.426,0.0,0.73,2.6,0.09,2014
101,2nd,Steven Adams,20.0,OKC,65.0,250.0,0.26,9.0,47.0,81.0,14.8,3.3,4.1,0.5,0.5,0.7,0.503,,0.581,2.9,0.114,2014
103,ORV,Ben McLemore,20.0,SAC,63.0,250.0,0.252,4.0,55.0,82.0,26.7,8.8,2.9,1.0,0.5,0.2,0.376,0.32,0.804,0.8,0.016,2014
104,ORV,Pero Antić,31.0,ATL,62.0,250.0,0.248,10.0,42.0,50.0,18.5,7.0,4.2,1.2,0.4,0.2,0.418,0.327,0.758,1.4,0.075,2014
105,ORV,Nick Calathes,24.0,MEM,39.0,250.0,0.156,2.0,35.0,71.0,16.5,4.9,1.9,2.9,0.9,0.1,0.457,0.311,0.611,1.5,0.062,2014
106,ORV,Ryan Kelly,22.0,LAL,29.0,250.0,0.116,0.0,29.0,59.0,22.2,8.0,3.7,1.6,0.5,0.8,0.423,0.338,0.815,2.2,0.081,2014
107,ORV,Matthew Dellavedova,23.0,CLE,20.0,250.0,0.08,3.0,14.0,72.0,17.7,4.7,1.7,2.6,0.5,0.1,0.412,0.368,0.792,2.1,0.078,2014
108,ORV,Nate Wolters,22.0,MIL,20.0,250.0,0.08,0.0,20.0,58.0,22.6,7.2,2.6,3.2,0.6,0.3,0.437,0.29,0.656,1.2,0.043,2014
109,ORV,Ray McCallum,22.0,SAC,8.0,250.0,0.032,0.0,8.0,45.0,19.9,6.2,1.8,2.7,0.5,0.2,0.377,0.373,0.744,0.4,0.02,2014
110,ORV,Kentavious Caldwell-Pope,20.0,DET,6.0,250.0,0.024,0.0,6.0,80.0,19.8,5.9,2.0,0.7,0.9,0.2,0.396,0.319,0.77,1.8,0.055,2014
111,ORV,Hollis Thompson,22.0,PHI,5.0,250.0,0.02,0.0,5.0,77.0,22.6,6.0,3.2,0.9,0.7,0.2,0.46,0.401,0.712,2.0,0.055,2014
112,ORV,Tony Snell,22.0,CHI,4.0,250.0,0.016,0.0,4.0,77.0,16.0,4.5,1.6,0.9,0.4,0.2,0.384,0.32,0.756,1.6,0.063,2014
113,ORV,Phil Pressey,22.0,BOS,2.0,250.0,0.008,0.0,2.0,75.0,15.1,2.8,1.4,3.2,0.9,0.1,0.308,0.264,0.644,0.1,0.005,2014
114,ORV,Anthony Bennett,20.0,CLE,1.0,250.0,0.004,0.0,1.0,52.0,12.8,4.2,3.0,0.3,0.4,0.2,0.356,0.245,0.638,-0.4,-0.028,2014
115,ORV,Reggie Bullock,22.0,LAC,1.0,250.0,0.004,0.0,1.0,43.0,9.2,2.7,1.3,0.3,0.2,0.0,0.355,0.301,0.778,0.2,0.019,2014
116,ORV,Robert Covington,23.0,HOU,1.0,250.0,0.004,0.0,1.0,7.0,4.9,2.3,0.7,0.0,0.3,0.0,0.429,0.364,,0.1,0.122,2014
117,ORV,Alex Len,20.0,PHO,1.0,250.0,0.004,0.0,1.0,42.0,8.6,2.0,2.4,0.1,0.1,0.4,0.423,,0.645,0.2,0.024,2014
118,ORV,CJ McCollum,22.0,POR,1.0,250.0,0.004,0.0,1.0,38.0,12.5,5.3,1.3,0.7,0.4,0.1,0.416,0.375,0.676,0.2,0.019,2014
119,ORV,Shabazz Muhammad,21.0,MIN,1.0,250.0,0.004,0.0,1.0,37.0,7.8,3.9,1.4,0.2,0.2,0.0,0.46,0.273,0.65,0.3,0.053,2014
120,ORV,Andre Roberson,22.0,OKC,1.0,250.0,0.004,0.0,1.0,40.0,10.0,1.9,2.4,0.4,0.5,0.3,0.485,0.154,0.7,0.8,0.099,2014
121,ORV,Jeff Withey,23.0,NOP,1.0,250.0,0.004,0.0,1.0,58.0,11.8,3.3,2.6,0.4,0.3,0.9,0.535,0.0,0.712,1.8,0.128,2014
122,1st,Andrew Wiggins,19.0,MIN,260.0,260.0,1.0,130.0,0.0,82.0,36.2,16.9,4.6,2.1,1.0,0.6,0.437,0.31,0.76,2.1,0.034,2015
123,1st,Nikola Mirotić,23.0,CHI,258.0,260.0,0.992,128.0,2.0,82.0,20.2,10.2,4.9,1.2,0.7,0.7,0.405,0.316,0.803,5.7,0.165,2015
124,1st,Nerlens Noel,20.0,PHI,252.0,260.0,0.969,125.0,2.0,75.0,30.8,9.9,8.1,1.7,1.8,1.9,0.462,,0.609,4.0,0.083,2015
125,1st,Elfrid Payton,20.0,ORL,250.0,260.0,0.962,121.0,8.0,82.0,30.4,8.9,4.3,6.5,1.7,0.2,0.425,0.262,0.551,2.3,0.044,2015
126,1st,Jordan Clarkson,22.0,LAL,200.0,260.0,0.769,74.0,52.0,59.0,25.0,11.9,3.2,3.5,0.9,0.2,0.448,0.314,0.829,2.4,0.078,2015
128,2nd,Marcus Smart,20.0,BOS,142.0,260.0,0.546,28.0,86.0,67.0,27.0,7.8,3.3,3.1,1.5,0.3,0.367,0.335,0.646,2.9,0.077,2015
129,2nd,Zach LaVine,19.0,MIN,135.0,260.0,0.519,22.0,91.0,77.0,24.7,10.1,2.8,3.6,0.7,0.1,0.422,0.341,0.842,-0.7,-0.018,2015
130,2nd,Bojan Bogdanović,25.0,BRK,107.0,260.0,0.412,7.0,93.0,78.0,23.8,9.0,2.7,0.9,0.4,0.1,0.453,0.355,0.821,2.4,0.062,2015
131,2nd,Jusuf Nurkić,20.0,DEN,97.0,260.0,0.373,3.0,91.0,62.0,17.8,6.9,6.2,0.8,0.8,1.1,0.446,0.0,0.636,1.6,0.069,2015
132,2nd,Langston Galloway,23.0,NYK,72.0,260.0,0.277,7.0,58.0,45.0,32.4,11.8,4.2,3.3,1.2,0.3,0.399,0.352,0.808,1.3,0.043,2015
134,ORV,Rodney Hood,22.0,UTA,54.0,260.0,0.208,1.0,52.0,50.0,21.3,8.7,2.3,1.7,0.6,0.2,0.414,0.365,0.763,2.2,0.098,2015
135,ORV,Dante Exum,19.0,UTA,17.0,260.0,0.065,3.0,11.0,82.0,22.2,4.8,1.6,2.4,0.5,0.2,0.349,0.314,0.625,-0.1,-0.003,2015
136,ORV,Jabari Parker,19.0,MIL,13.0,260.0,0.05,0.0,13.0,25.0,29.5,12.3,5.5,1.7,1.2,0.2,0.49,0.25,0.697,1.3,0.088,2015
137,ORV,Mitch McGary,22.0,OKC,9.0,260.0,0.035,0.0,9.0,32.0,15.2,6.3,5.2,0.4,0.5,0.5,0.533,0.0,0.625,1.3,0.127,2015
138,ORV,Aaron Gordon,19.0,ORL,5.0,260.0,0.019,1.0,3.0,47.0,17.0,5.2,3.6,0.7,0.4,0.5,0.447,0.271,0.721,1.0,0.06,2015
139,ORV,Spencer Dinwiddie,21.0,DET,4.0,260.0,0.015,0.0,4.0,34.0,13.4,4.3,1.4,3.1,0.6,0.2,0.302,0.185,0.912,0.1,0.009,2015
140,ORV,Jerami Grant,20.0,PHI,4.0,260.0,0.015,0.0,4.0,65.0,21.2,6.3,3.0,1.2,0.6,1.0,0.352,0.314,0.591,0.5,0.019,2015
141,ORV,Kostas Papanikolaou,24.0,HOU,4.0,260.0,0.015,0.0,4.0,43.0,18.5,4.2,2.7,2.0,0.7,0.3,0.35,0.292,0.722,0.5,0.029,2015
142,ORV,T.J. Warren,21.0,PHO,4.0,260.0,0.015,0.0,4.0,40.0,15.4,6.1,2.1,0.6,0.5,0.2,0.528,0.238,0.737,1.1,0.085,2015
143,ORV,Damjan Rudež,28.0,IND,3.0,260.0,0.012,0.0,3.0,68.0,15.4,4.8,0.7,0.8,0.2,0.1,0.452,0.406,0.696,1.3,0.061,2015
144,ORV,Joe Ingles,27.0,UTA,2.0,260.0,0.008,0.0,2.0,79.0,21.2,5.0,2.2,2.3,0.9,0.1,0.415,0.356,0.75,2.2,0.062,2015
145,ORV,JaKarr Sampson,21.0,PHI,2.0,260.0,0.008,0.0,2.0,74.0,15.3,5.2,2.2,1.0,0.5,0.4,0.422,0.244,0.67,0.6,0.025,2015
146,ORV,James Ennis III,24.0,MIA,1.0,260.0,0.004,0.0,1.0,62.0,17.0,5.0,2.8,0.8,0.4,0.3,0.409,0.326,0.84,1.9,0.088,2015
147,ORV,Cory Jefferson,24.0,BRK,1.0,260.0,0.004,0.0,1.0,50.0,10.6,3.7,2.9,0.3,0.2,0.4,0.449,0.133,0.574,0.8,0.071,2015
148,ORV,Tyler Johnson,22.0,MIA,1.0,260.0,0.004,0.0,1.0,32.0,18.8,5.9,2.5,1.3,1.0,0.3,0.419,0.375,0.681,0.8,0.06,2015
149,ORV,Shabazz Napier,23.0,MIA,1.0,260.0,0.004,0.0,1.0,51.0,19.8,5.1,2.2,2.5,0.8,0.1,0.382,0.364,0.786,0.5,0.024,2015
150,ORV,Nik Stauskas,21.0,SAC,1.0,260.0,0.004,0.0,1.0,73.0,15.4,4.4,1.2,0.9,0.3,0.2,0.365,0.322,0.859,0.5,0.021,2015
151,ORV,James Young,19.0,BOS,1.0,260.0,0.004,0.0,1.0,31.0,10.7,3.4,1.4,0.4,0.3,0.1,0.353,0.258,0.552,0.3,0.047,2015
152,1st,Kristaps Porziņģis,20.0,NYK,260.0,260.0,1.0,130.0,0.0,72.0,28.4,14.3,7.3,1.3,0.7,1.9,0.421,0.333,0.838,4.4,0.102,2016
153,1st,Karl-Anthony Towns,20.0,MIN,260.0,260.0,1.0,130.0,0.0,82.0,32.0,18.3,10.5,2.0,0.7,1.7,0.542,0.341,0.811,8.3,0.151,2016
154,1st,Devin Booker,19.0,PHO,231.0,260.0,0.888,103.0,25.0,76.0,27.7,13.8,2.5,2.6,0.6,0.3,0.423,0.343,0.84,1.9,0.043,2016
155,1st,Nikola Jokić,20.0,DEN,186.0,260.0,0.715,73.0,40.0,80.0,21.7,10.0,7.0,2.4,1.0,0.6,0.512,0.333,0.811,6.7,0.185,2016
156,1st,Jahlil Okafor,20.0,PHI,186.0,260.0,0.715,71.0,44.0,53.0,30.0,17.5,7.0,1.2,0.4,1.2,0.508,0.167,0.686,1.2,0.037,2016
158,2nd,Justise Winslow,19.0,MIA,151.0,260.0,0.581,44.0,63.0,78.0,28.6,6.4,5.2,1.5,0.9,0.3,0.422,0.276,0.684,2.5,0.054,2016
159,2nd,D'Angelo Russell,19.0,LAL,142.0,260.0,0.546,25.0,92.0,80.0,28.2,13.2,3.4,3.3,1.2,0.2,0.41,0.351,0.737,0.0,0.001,2016
160,2nd,Emmanuel Mudiay,19.0,DEN,140.0,260.0,0.538,35.0,70.0,68.0,30.4,12.8,3.4,5.5,1.0,0.5,0.364,0.319,0.67,-2.1,-0.049,2016
161,2nd,Myles Turner,19.0,IND,139.0,260.0,0.535,28.0,83.0,60.0,22.8,10.3,5.5,0.7,0.4,1.4,0.498,0.214,0.727,3.1,0.109,2016
162,2nd,Willie Cauley-Stein,22.0,SAC,50.0,260.0,0.192,2.0,46.0,66.0,21.4,7.0,5.3,0.6,0.7,1.0,0.563,0.0,0.648,3.8,0.13,2016
164,ORV,Josh Richardson,22.0,MIA,47.0,260.0,0.181,4.0,39.0,52.0,21.3,6.6,2.1,1.4,0.7,0.5,0.452,0.461,0.667,2.5,0.109,2016
165,ORV,Frank Kaminsky,22.0,CHO,47.0,260.0,0.181,2.0,43.0,81.0,21.1,7.5,4.1,1.2,0.5,0.5,0.41,0.337,0.73,3.3,0.093,2016
166,ORV,Stanley Johnson,19.0,DET,42.0,260.0,0.162,1.0,40.0,73.0,23.1,8.1,4.2,1.6,0.8,0.2,0.375,0.307,0.784,0.6,0.018,2016
167,ORV,Trey Lyles,20.0,UTA,26.0,260.0,0.1,0.0,26.0,80.0,17.3,6.1,3.7,0.7,0.3,0.2,0.438,0.383,0.695,2.3,0.079,2016
168,ORV,Bobby Portis,20.0,CHI,13.0,260.0,0.05,0.0,13.0,62.0,17.8,7.0,5.4,0.8,0.4,0.4,0.427,0.308,0.727,1.5,0.066,2016
169,ORV,T.J. McConnell,23.0,PHI,7.0,260.0,0.027,2.0,3.0,81.0,19.8,6.1,3.1,4.5,1.2,0.1,0.47,0.348,0.634,1.9,0.058,2016
170,ORV,Mario Hezonja,20.0,ORL,4.0,260.0,0.015,0.0,4.0,79.0,17.9,6.1,2.2,1.4,0.5,0.2,0.433,0.349,0.907,0.9,0.029,2016
171,ORV,Larry Nance Jr.,23.0,LAL,3.0,260.0,0.012,0.0,3.0,63.0,20.1,5.5,5.0,0.7,0.9,0.4,0.527,0.1,0.681,2.2,0.083,2016
172,ORV,Norman Powell,22.0,TOR,3.0,260.0,0.012,0.0,3.0,49.0,14.8,5.6,2.3,1.0,0.6,0.2,0.424,0.404,0.811,1.6,0.105,2016
173,ORV,Justin Anderson,22.0,DAL,2.0,260.0,0.008,0.0,2.0,55.0,11.8,3.8,2.4,0.5,0.3,0.5,0.406,0.265,0.8,1.1,0.083,2016
174,ORV,Rondae Hollis-Jefferson,21.0,BRK,2.0,260.0,0.008,0.0,2.0,29.0,21.2,5.8,5.3,1.5,1.3,0.6,0.457,0.286,0.712,1.2,0.094,2016
175,ORV,Boban Marjanović,27.0,SAS,2.0,260.0,0.008,0.0,2.0,54.0,9.4,5.5,3.6,0.4,0.2,0.4,0.603,,0.763,3.4,0.325,2016
176,ORV,Jonathon Simmons,26.0,SAS,2.0,260.0,0.008,0.0,2.0,55.0,14.8,6.0,1.7,1.1,0.4,0.1,0.504,0.383,0.75,2.0,0.119,2016
177,ORV,Jerian Grant,23.0,NYK,1.0,260.0,0.004,0.0,1.0,76.0,16.6,5.6,1.9,2.3,0.7,0.1,0.394,0.22,0.78,0.8,0.03,2016
178,ORV,Marcelo Huertas,32.0,LAL,1.0,260.0,0.004,0.0,1.0,53.0,16.4,4.5,1.7,3.4,0.5,0.1,0.422,0.262,0.931,-0.1,-0.006,2016
179,ORV,Raul Neto,23.0,UTA,1.0,260.0,0.004,0.0,1.0,81.0,18.5,5.9,1.5,2.1,0.8,0.0,0.431,0.395,0.743,1.8,0.058,2016
180,ORV,Cameron Payne,21.0,OKC,1.0,260.0,0.004,0.0,1.0,57.0,12.2,5.0,1.5,1.9,0.6,0.1,0.41,0.324,0.792,1.4,0.093,2016
181,ORV,Joe Young,23.0,IND,1.0,260.0,0.004,0.0,1.0,41.0,9.4,3.8,1.2,1.6,0.4,0.0,0.367,0.217,0.8,-0.1,-0.009,2016
182,1st,Malcolm Brogdon,24.0,MIL,200.0,200.0,1.0,100.0,0.0,75.0,26.4,10.2,2.8,4.2,1.1,0.2,0.457,0.404,0.865,4.1,0.1,2017
183,1st,Dario Šarić,22.0,PHI,200.0,200.0,1.0,100.0,0.0,81.0,26.3,12.8,6.3,2.2,0.7,0.4,0.411,0.311,0.782,1.0,0.023,2017
184,1st,Joel Embiid,22.0,PHI,171.0,200.0,0.855,82.0,7.0,31.0,25.4,20.2,7.8,2.1,0.9,2.5,0.466,0.367,0.783,1.9,0.117,2017
185,1st,Willy Hernangómez,22.0,NYK,128.0,200.0,0.64,44.0,40.0,72.0,18.4,8.2,7.0,1.3,0.6,0.5,0.529,0.267,0.728,3.4,0.123,2017
187,2nd,Jamal Murray,19.0,DEN,123.0,200.0,0.615,34.0,55.0,82.0,21.5,9.9,2.6,2.1,0.6,0.3,0.404,0.334,0.883,1.3,0.037,2017
188,2nd,Jaylen Brown,20.0,BOS,106.0,200.0,0.53,24.0,58.0,78.0,17.2,6.6,2.8,0.8,0.4,0.2,0.454,0.341,0.685,1.5,0.053,2017
189,2nd,Marquese Chriss,19.0,PHO,91.0,200.0,0.455,20.0,51.0,82.0,21.3,9.2,4.2,0.7,0.8,0.9,0.449,0.321,0.624,1.8,0.05,2017
190,2nd,Brandon Ingram,19.0,LAL,83.0,200.0,0.415,11.0,61.0,79.0,28.8,9.4,4.0,2.1,0.6,0.5,0.402,0.294,0.621,-0.3,-0.007,2017
192,ORV,Rodney McGruder,25.0,MIA,61.0,200.0,0.305,7.0,47.0,78.0,25.2,6.4,3.3,1.6,0.6,0.2,0.413,0.332,0.62,2.9,0.072,2017
193,ORV,Caris LeVert,22.0,BRK,36.0,200.0,0.18,2.0,32.0,57.0,21.7,8.2,3.3,1.9,0.9,0.1,0.45,0.321,0.72,1.8,0.07,2017
194,ORV,Domantas Sabonis,20.0,OKC,19.0,200.0,0.095,4.0,11.0,81.0,20.1,5.9,3.6,1.0,0.5,0.4,0.399,0.321,0.657,0.8,0.022,2017
195,ORV,Tyler Ulis,21.0,PHO,10.0,200.0,0.05,1.0,8.0,61.0,18.4,7.3,1.6,3.7,0.8,0.1,0.421,0.266,0.775,0.7,0.029,2017
196,ORV,Patrick McCaw,21.0,GSW,8.0,200.0,0.04,0.0,8.0,71.0,15.1,4.0,1.4,1.1,0.5,0.2,0.433,0.333,0.784,1.7,0.077,2017
197,ORV,Skal Labissière,20.0,SAC,7.0,200.0,0.035,1.0,5.0,33.0,18.5,8.8,4.9,0.8,0.5,0.4,0.537,0.375,0.703,1.3,0.099,2017
198,ORV,Kris Dunn,22.0,MIN,5.0,200.0,0.025,0.0,5.0,78.0,17.1,3.8,2.1,2.4,1.0,0.5,0.377,0.288,0.61,0.1,0.004,2017
199,ORV,Juancho Hernangómez,21.0,DEN,5.0,200.0,0.025,0.0,5.0,62.0,13.6,4.9,3.0,0.5,0.5,0.2,0.451,0.407,0.75,1.8,0.104,2017
200,ORV,Taurean Prince,22.0,ATL,5.0,200.0,0.025,0.0,5.0,59.0,16.6,5.7,2.7,0.9,0.7,0.5,0.4,0.324,0.787,1.1,0.054,2017
201,ORV,Isaiah Whitehead,21.0,BRK,5.0,200.0,0.025,0.0,5.0,73.0,22.5,7.4,2.5,2.6,0.6,0.5,0.402,0.295,0.805,-0.8,-0.023,2017
202,ORV,Álex Abrines,23.0,OKC,4.0,200.0,0.02,0.0,4.0,68.0,15.5,6.0,1.3,0.6,0.5,0.1,0.393,0.381,0.898,2.1,0.096,2017
203,ORV,Dāvis Bertāns,24.0,SAS,3.0,200.0,0.015,0.0,3.0,67.0,12.1,4.5,1.5,0.7,0.3,0.4,0.44,0.399,0.824,2.3,0.135,2017
204,ORV,Thon Maker,19.0,MIL,3.0,200.0,0.015,0.0,3.0,57.0,9.9,4.0,2.0,0.4,0.2,0.5,0.459,0.378,0.653,1.3,0.113,2017
205,ORV,Dejounte Murray,20.0,SAS,3.0,200.0,0.015,0.0,3.0,38.0,8.5,3.4,1.1,1.3,0.2,0.2,0.431,0.391,0.7,0.0,0.004,2017
206,ORV,Andrew Harrison,22.0,MEM,2.0,200.0,0.01,0.0,2.0,72.0,20.5,5.9,1.9,2.8,0.7,0.3,0.325,0.276,0.763,1.6,0.051,2017
207,ORV,DeAndre' Bembry,22.0,ATL,1.0,200.0,0.005,0.0,1.0,38.0,9.8,2.7,1.6,0.7,0.2,0.1,0.48,0.056,0.375,0.3,0.038,2017
208,ORV,Dragan Bender,19.0,PHO,1.0,200.0,0.005,0.0,1.0,43.0,13.3,3.4,2.4,0.5,0.2,0.5,0.354,0.277,0.364,-0.3,-0.029,2017
209,ORV,Malcolm Delaney,27.0,ATL,1.0,200.0,0.005,0.0,1.0,73.0,17.1,5.4,1.7,2.6,0.5,0.0,0.374,0.236,0.806,0.1,0.005,2017
210,ORV,Jakob Poeltl,21.0,TOR,1.0,200.0,0.005,0.0,1.0,54.0,11.6,3.1,3.1,0.2,0.3,0.4,0.583,,0.544,1.6,0.125,2017
211,ORV,Fred VanVleet,22.0,TOR,1.0,200.0,0.005,0.0,1.0,37.0,7.9,2.9,1.1,0.9,0.4,0.1,0.351,0.379,0.818,0.2,0.04,2017
212,1st,Donovan Mitchell,21.0,UTA,200.0,200.0,1.0,100.0,0.0,79.0,33.4,20.5,3.7,3.7,1.5,0.3,0.437,0.34,0.805,5.2,0.095,2018
213,1st,Ben Simmons,21.0,PHI,200.0,200.0,1.0,100.0,0.0,81.0,33.7,15.8,8.1,8.2,1.7,0.9,0.545,0.0,0.56,9.2,0.162,2018
214,1st,Jayson Tatum,19.0,BOS,199.0,200.0,0.995,99.0,1.0,80.0,30.5,13.9,5.0,1.6,1.0,0.7,0.475,0.434,0.826,7.1,0.139,2018
215,1st,Kyle Kuzma,22.0,LAL,193.0,200.0,0.965,93.0,7.0,77.0,31.2,16.1,6.3,1.8,0.6,0.4,0.45,0.366,0.707,3.8,0.077,2018
216,1st,Lauri Markkanen,20.0,CHI,173.0,200.0,0.865,76.0,21.0,68.0,29.7,15.2,7.5,1.2,0.6,0.6,0.434,0.362,0.843,3.3,0.079,2018
218,2nd,Dennis Smith Jr.,20.0,DAL,96.0,200.0,0.48,9.0,78.0,69.0,29.7,15.2,3.8,5.2,1.0,0.3,0.395,0.313,0.694,-0.7,-0.017,2018
219,2nd,Lonzo Ball,20.0,LAL,87.0,200.0,0.435,7.0,73.0,52.0,34.2,10.2,6.9,7.2,1.7,0.8,0.36,0.305,0.451,2.0,0.053,2018
220,2nd,John Collins,20.0,ATL,76.0,200.0,0.38,5.0,66.0,74.0,24.1,10.5,7.3,1.3,0.6,1.1,0.576,0.34,0.715,5.4,0.145,2018
221,2nd,Bogdan Bogdanović,25.0,SAC,75.0,200.0,0.375,6.0,63.0,78.0,27.9,11.8,2.9,3.3,0.9,0.2,0.446,0.392,0.84,2.9,0.064,2018
222,2nd,Josh Jackson,20.0,PHO,45.0,200.0,0.225,1.0,43.0,77.0,25.4,13.1,4.6,1.5,1.0,0.5,0.417,0.263,0.634,-0.7,-0.018,2018
224,ORV,Bam Adebayo,20.0,MIA,44.0,200.0,0.22,0.0,44.0,69.0,19.8,6.9,5.5,1.5,0.5,0.6,0.512,0.0,0.721,4.2,0.148,2018
225,ORV,De'Aaron Fox,20.0,SAC,34.0,200.0,0.17,0.0,34.0,73.0,27.8,11.6,2.8,4.4,1.0,0.3,0.412,0.307,0.723,-0.6,-0.014,2018
226,ORV,OG Anunoby,20.0,TOR,25.0,200.0,0.125,2.0,21.0,74.0,20.0,5.9,2.5,0.7,0.7,0.2,0.471,0.371,0.629,3.0,0.098,2018
227,ORV,Jarrett Allen,19.0,BRK,18.0,200.0,0.09,0.0,18.0,72.0,20.0,8.2,5.4,0.7,0.4,1.2,0.589,0.333,0.776,4.2,0.141,2018
228,ORV,Dillon Brooks,22.0,MEM,14.0,200.0,0.07,1.0,12.0,82.0,28.7,11.0,3.1,1.6,0.9,0.2,0.44,0.356,0.747,1.2,0.024,2018
229,ORV,Jordan Bell,23.0,GSW,5.0,200.0,0.025,0.0,5.0,57.0,14.2,4.6,3.6,1.8,0.6,1.0,0.627,0.0,0.682,2.9,0.174,2018
230,ORV,Royce O'Neale,24.0,UTA,4.0,200.0,0.02,0.0,4.0,69.0,16.7,5.0,3.4,1.4,0.5,0.2,0.423,0.356,0.803,2.4,0.099,2018
231,ORV,Miloš Teodosić,30.0,LAC,3.0,200.0,0.015,1.0,1.0,45.0,25.2,9.5,2.8,4.6,0.5,0.1,0.419,0.379,0.848,1.4,0.058,2018
232,ORV,Zach Collins,20.0,POR,3.0,200.0,0.015,0.0,3.0,66.0,15.8,4.4,3.3,0.8,0.3,0.5,0.398,0.31,0.643,0.6,0.03,2018
233,ORV,Luke Kennard,21.0,DET,1.0,200.0,0.005,0.0,1.0,73.0,20.0,7.6,2.4,1.7,0.6,0.2,0.443,0.415,0.855,2.6,0.085,2018
234,ORV,Frank Mason III,23.0,SAC,1.0,200.0,0.005,0.0,1.0,52.0,18.9,7.9,2.5,2.8,0.7,0.2,0.379,0.36,0.817,0.5,0.027,2018
235,ORV,Malik Monk,19.0,CHO,1.0,200.0,0.005,0.0,1.0,63.0,13.6,6.7,1.0,1.4,0.3,0.1,0.36,0.342,0.842,0.0,0.0,2018
236,ORV,Frank Ntilikina,19.0,NYK,1.0,200.0,0.005,0.0,1.0,78.0,21.9,5.9,2.3,3.2,0.8,0.2,0.364,0.318,0.721,-0.9,-0.026,2018
237,ORV,Semi Ojeleye,23.0,BOS,1.0,200.0,0.005,0.0,1.0,73.0,15.8,2.7,2.2,0.3,0.3,0.1,0.346,0.32,0.61,1.2,0.048,2018
238,ORV,Sindarius Thornwell,23.0,LAC,1.0,200.0,0.005,0.0,1.0,73.0,15.8,3.9,1.9,0.9,0.7,0.3,0.429,0.377,0.67,1.0,0.041,2018
239,1st,Luka Dončić,19.0,DAL,200.0,200.0,1.0,100.0,0.0,72.0,32.2,21.2,7.8,6.0,1.1,0.3,0.427,0.327,0.713,4.9,0.101,2019
240,1st,Trae Young,20.0,ATL,200.0,200.0,1.0,100.0,0.0,81.0,30.9,19.1,3.7,8.1,0.9,0.2,0.418,0.324,0.829,3.3,0.062,2019
241,1st,Deandre Ayton,20.0,PHO,195.0,200.0,0.975,95.0,5.0,71.0,30.7,16.3,10.3,1.8,0.9,0.9,0.585,0.0,0.746,5.8,0.128,2019
242,1st,Jaren Jackson Jr.,19.0,MEM,159.0,200.0,0.795,60.0,39.0,58.0,26.1,13.8,4.7,1.1,0.9,1.4,0.506,0.359,0.766,3.3,0.105,2019
243,1st,Marvin Bagley III,19.0,SAC,156.0,200.0,0.78,56.0,44.0,62.0,25.3,14.9,7.6,1.0,0.5,1.0,0.504,0.313,0.691,3.6,0.11,2019
245,2nd,Shai Gilgeous-Alexander,20.0,LAC,138.0,200.0,0.69,40.0,58.0,82.0,26.5,10.8,2.8,3.3,1.2,0.5,0.476,0.367,0.8,3.3,0.074,2019
246,2nd,Collin Sexton,20.0,CLE,132.0,200.0,0.66,39.0,54.0,82.0,31.8,16.7,2.9,3.0,0.5,0.1,0.43,0.402,0.839,-0.6,-0.011,2019
247,2nd,Mitchell Robinson,20.0,NYK,77.0,200.0,0.385,3.0,71.0,66.0,20.6,7.3,6.4,0.6,0.8,2.4,0.694,,0.6,6.1,0.217,2019
248,2nd,Kevin Huerter,20.0,ATL,45.0,200.0,0.225,1.0,43.0,75.0,27.3,9.7,3.3,2.9,0.9,0.3,0.419,0.385,0.732,1.5,0.034,2019
250,ORV,Mikal Bridges,22.0,PHO,31.0,200.0,0.155,1.0,29.0,82.0,29.5,8.3,3.2,2.1,1.6,0.5,0.43,0.335,0.805,2.9,0.058,2019
251,ORV,Kevin Knox,19.0,NYK,22.0,200.0,0.11,0.0,22.0,75.0,28.8,12.8,4.5,1.1,0.6,0.3,0.37,0.343,0.717,-1.3,-0.03,2019
252,ORV,Josh Okogie,20.0,MIN,12.0,200.0,0.06,1.0,10.0,74.0,23.7,7.7,2.9,1.2,1.2,0.4,0.386,0.279,0.728,1.2,0.034,2019
253,ORV,Jalen Brunson,22.0,DAL,10.0,200.0,0.05,0.0,10.0,73.0,21.8,9.3,2.3,3.2,0.5,0.1,0.467,0.348,0.725,2.6,0.077,2019
254,ORV,Allonzo Trier,23.0,NYK,10.0,200.0,0.05,0.0,10.0,64.0,22.8,10.9,3.1,1.9,0.4,0.2,0.448,0.394,0.803,0.9,0.03,2019
255,ORV,Rodions Kurucs,20.0,BRK,9.0,200.0,0.045,0.0,9.0,63.0,20.5,8.5,3.9,0.8,0.7,0.4,0.45,0.315,0.783,1.6,0.059,2019
256,ORV,Wendell Carter Jr.,19.0,CHI,7.0,200.0,0.035,0.0,7.0,44.0,25.2,10.3,7.0,1.8,0.6,1.3,0.485,0.188,0.795,1.9,0.08,2019
257,ORV,Miles Bridges,20.0,CHO,6.0,200.0,0.03,1.0,4.0,80.0,21.2,7.5,4.0,1.2,0.7,0.6,0.464,0.325,0.753,2.9,0.083,2019
258,ORV,Bruce Brown,22.0,DET,2.0,200.0,0.01,0.0,2.0,74.0,19.6,4.3,2.5,1.2,0.5,0.5,0.398,0.258,0.75,1.5,0.048,2019
259,ORV,Harry Giles,20.0,SAC,2.0,200.0,0.01,0.0,2.0,58.0,14.1,7.0,3.8,1.5,0.5,0.4,0.503,0.0,0.637,1.0,0.056,2019
260,ORV,Mo Bamba,20.0,ORL,1.0,200.0,0.005,0.0,1.0,47.0,16.3,6.2,5.0,0.8,0.3,1.4,0.481,0.3,0.587,1.7,0.106,2019
261,ORV,Aaron Holiday,22.0,IND,1.0,200.0,0.005,0.0,1.0,50.0,12.9,5.9,1.3,1.7,0.4,0.3,0.401,0.339,0.82,0.9,0.065,2019
262,1st,Ja Morant,20.0,MEM,200.0,200.0,1.0,100.0,0.0,67.0,31.0,17.8,3.9,7.3,0.9,0.3,0.477,0.335,0.776,3.8,0.088,2020
263,1st,Kendrick Nunn,24.0,MIA,197.0,200.0,0.985,98.0,1.0,67.0,29.3,15.3,2.7,3.3,0.8,0.2,0.439,0.35,0.85,2.0,0.049,2020
264,1st,Brandon Clarke,23.0,MEM,189.0,200.0,0.945,92.0,5.0,58.0,22.4,12.1,5.9,1.4,0.6,0.8,0.618,0.359,0.759,5.0,0.183,2020
265,1st,Zion Williamson,19.0,NOP,176.0,200.0,0.88,87.0,2.0,24.0,27.8,22.5,6.3,2.1,0.7,0.4,0.583,0.429,0.64,2.0,0.141,2020
266,1st,Eric Paschall,23.0,GSW,116.0,200.0,0.58,28.0,60.0,60.0,27.6,14.0,4.6,2.1,0.5,0.2,0.497,0.287,0.774,2.1,0.062,2020
268,2nd,Tyler Herro,20.0,MIA,115.0,200.0,0.575,23.0,69.0,55.0,27.4,13.5,4.1,2.2,0.6,0.2,0.428,0.389,0.87,1.6,0.05,2020
269,2nd,Terence Davis,22.0,TOR,96.0,200.0,0.48,30.0,36.0,72.0,16.8,7.5,3.3,1.6,0.5,0.2,0.456,0.388,0.864,3.1,0.122,2020
270,2nd,Coby White,19.0,CHI,90.0,200.0,0.45,8.0,74.0,65.0,25.8,13.2,3.5,2.7,0.8,0.1,0.394,0.354,0.791,0.9,0.026,2020
271,2nd,P.J. Washington,21.0,CHO,88.0,200.0,0.44,8.0,72.0,58.0,30.3,12.2,5.4,2.1,0.9,0.8,0.455,0.374,0.647,2.0,0.054,2020
272,2nd,Rui Hachimura,21.0,WAS,74.0,200.0,0.37,10.0,54.0,48.0,30.1,13.5,6.1,1.8,0.8,0.2,0.466,0.287,0.829,1.8,0.06,2020
274,ORV,RJ Barrett,19.0,NYK,61.0,200.0,0.305,10.0,41.0,56.0,30.4,14.3,5.0,2.6,1.0,0.3,0.402,0.32,0.614,-0.5,-0.015,2020
275,ORV,Matisse Thybulle,22.0,PHI,55.0,200.0,0.275,6.0,43.0,65.0,19.8,4.7,1.6,1.2,1.4,0.7,0.423,0.357,0.61,2.3,0.086,2020
276,ORV,Darius Garland,20.0,CLE,14.0,200.0,0.07,0.0,14.0,59.0,30.9,12.3,1.9,3.9,0.7,0.1,0.401,0.355,0.875,-1.3,-0.034,2020
277,ORV,De'Andre Hunter,22.0,ATL,11.0,200.0,0.055,0.0,11.0,63.0,32.0,12.3,4.5,1.8,0.7,0.3,0.41,0.355,0.764,0.1,0.002,2020
278,ORV,Michael Porter Jr.,21.0,DEN,9.0,200.0,0.045,0.0,9.0,55.0,16.4,9.3,4.7,0.8,0.5,0.5,0.509,0.422,0.833,2.9,0.154,2020
279,ORV,Jaxson Hayes,19.0,NOP,5.0,200.0,0.025,0.0,5.0,64.0,16.9,7.4,4.0,0.9,0.4,0.9,0.672,0.25,0.647,3.9,0.171,2020
280,ORV,Cameron Johnson,23.0,PHO,3.0,200.0,0.015,0.0,3.0,57.0,22.0,8.8,3.3,1.2,0.6,0.4,0.435,0.39,0.807,2.7,0.102,2020
281,ORV,Cody Martin,24.0,CHO,1.0,200.0,0.005,0.0,1.0,48.0,18.8,5.0,3.3,2.0,0.8,0.2,0.43,0.234,0.646,1.0,0.052,2020
282,1st,LaMelo Ball,19.0,CHO,198.0,198.0,1.0,99.0,0.0,51.0,28.8,15.7,5.9,6.1,1.6,0.4,0.436,0.352,0.758,2.8,0.093,2021
283,1st,Anthony Edwards,19.0,MIN,198.0,198.0,1.0,99.0,0.0,72.0,32.1,19.3,4.7,2.9,1.1,0.5,0.417,0.329,0.776,0.8,0.017,2021
284,1st,Tyrese Haliburton,20.0,SAC,197.0,198.0,0.995,98.0,1.0,58.0,30.1,13.0,3.0,5.3,1.3,0.5,0.472,0.409,0.857,3.5,0.096,2021
285,1st,Saddiq Bey,21.0,DET,162.0,198.0,0.818,63.0,36.0,70.0,27.3,12.2,4.5,1.4,0.7,0.2,0.404,0.38,0.844,3.3,0.082,2021
286,1st,Jae'Sean Tate,25.0,HOU,154.0,198.0,0.778,57.0,40.0,70.0,29.2,11.3,5.3,2.5,1.2,0.5,0.506,0.308,0.694,3.8,0.088,2021
288,2nd,Immanuel Quickley,21.0,NYK,148.0,198.0,0.747,51.0,46.0,64.0,19.4,11.4,2.1,2.0,0.5,0.2,0.395,0.389,0.891,3.2,0.125,2021
289,2nd,Desmond Bane,22.0,MEM,88.0,198.0,0.444,9.0,70.0,68.0,22.3,9.2,3.1,1.7,0.6,0.2,0.469,0.432,0.816,2.9,0.093,2021
290,2nd,Isaiah Stewart,19.0,DET,71.0,198.0,0.359,8.0,55.0,68.0,21.4,7.9,6.7,0.9,0.6,1.3,0.553,0.333,0.696,4.0,0.132,2021
291,2nd,Isaac Okoro,20.0,CLE,53.0,198.0,0.268,1.0,51.0,67.0,32.4,9.6,3.1,1.9,0.9,0.4,0.42,0.29,0.726,0.9,0.02,2021
292,2nd,Patrick Williams,19.0,CHI,50.0,198.0,0.253,2.0,46.0,71.0,27.9,9.2,4.6,1.4,0.9,0.6,0.483,0.391,0.728,2.5,0.06,2021
294,ORV,Facundo Campazzo,29.0,DEN,42.0,198.0,0.212,3.0,36.0,65.0,21.9,6.1,2.1,3.6,1.2,0.2,0.381,0.352,0.879,3.1,0.105,2021
295,ORV,Cole Anthony,20.0,ORL,40.0,198.0,0.202,1.0,38.0,47.0,27.1,12.9,4.7,4.1,0.6,0.4,0.397,0.337,0.832,0.0,-0.001,2021
296,ORV,James Wiseman,19.0,GSW,24.0,198.0,0.121,3.0,18.0,39.0,21.4,11.5,5.8,0.7,0.3,0.9,0.519,0.316,0.628,0.7,0.042,2021
297,ORV,Payton Pritchard,23.0,BOS,20.0,198.0,0.101,0.0,20.0,66.0,19.2,7.7,2.4,1.8,0.6,0.1,0.44,0.411,0.889,2.5,0.095,2021
298,ORV,Jaden McDaniels,20.0,MIN,15.0,198.0,0.076,1.0,13.0,63.0,24.0,6.8,3.7,1.1,0.6,1.0,0.447,0.364,0.6,1.4,0.046,2021
299,ORV,Tyrese Maxey,20.0,PHI,9.0,198.0,0.045,0.0,9.0,61.0,15.3,8.0,1.7,2.0,0.4,0.2,0.462,0.301,0.871,1.9,0.099,2021
300,ORV,Théo Maledon,19.0,OKC,5.0,198.0,0.025,0.0,5.0,65.0,27.4,10.1,3.2,3.5,0.9,0.2,0.368,0.335,0.748,-0.8,-0.021,2021
301,ORV,Xavier Tillman Sr.,22.0,MEM,4.0,198.0,0.02,0.0,4.0,59.0,18.4,6.6,4.3,1.3,0.7,0.6,0.559,0.338,0.642,2.9,0.127,2021
302,ORV,KJ Martin,20.0,HOU,3.0,198.0,0.015,0.0,3.0,45.0,23.7,9.3,5.4,1.1,0.7,0.9,0.509,0.365,0.714,2.2,0.099,2021
303,ORV,Chuma Okeke,22.0,ORL,2.0,198.0,0.01,0.0,2.0,45.0,25.2,7.8,4.0,2.2,1.1,0.5,0.417,0.348,0.75,1.3,0.056,2021
304,ORV,Aleksej Pokusevski,19.0,OKC,1.0,198.0,0.005,0.0,1.0,45.0,24.2,8.2,4.7,2.2,0.4,0.9,0.341,0.28,0.738,-1.9,-0.084,2021
305,ORV,Devin Vassell,20.0,SAS,1.0,198.0,0.005,0.0,1.0,62.0,17.0,5.5,2.8,0.9,0.7,0.3,0.406,0.347,0.843,1.5,0.069,2021
306,1st,Scottie Barnes,20.0,TOR,200.0,200.0,1.0,100.0,0.0,74.0,35.4,15.3,7.5,3.5,1.1,0.7,0.492,0.301,0.735,6.6,0.122,2022
307,1st,Cade Cunningham,20.0,DET,200.0,200.0,1.0,100.0,0.0,64.0,32.6,17.4,5.5,5.6,1.2,0.7,0.416,0.314,0.845,-0.5,-0.011,2022
308,1st,Evan Mobley,20.0,CLE,200.0,200.0,1.0,100.0,0.0,69.0,33.8,15.0,8.3,2.5,0.8,1.7,0.508,0.25,0.663,5.2,0.107,2022
309,1st,Franz Wagner,20.0,ORL,183.0,200.0,0.915,84.0,15.0,79.0,30.7,15.2,4.5,2.9,0.9,0.4,0.468,0.354,0.863,4.0,0.079,2022
310,1st,Jalen Green,19.0,HOU,158.0,200.0,0.79,58.0,42.0,67.0,31.9,17.3,3.4,2.6,0.7,0.3,0.426,0.343,0.797,0.7,0.015,2022
312,2nd,Herbert Jones,23.0,NOP,123.0,200.0,0.615,32.0,59.0,78.0,29.9,9.5,3.8,2.1,1.7,0.8,0.476,0.337,0.84,4.6,0.096,2022
313,2nd,Josh Giddey,19.0,OKC,122.0,200.0,0.61,24.0,74.0,54.0,31.5,12.5,7.8,6.4,0.9,0.4,0.419,0.263,0.709,0.4,0.01,2022
314,2nd,Bones Hyland,21.0,DEN,81.0,200.0,0.405,0.0,81.0,69.0,19.0,10.1,2.7,2.8,0.6,0.3,0.403,0.366,0.856,2.4,0.088,2022
315,2nd,Ayo Dosunmu,22.0,CHI,75.0,200.0,0.375,2.0,71.0,77.0,27.4,8.8,2.8,3.3,0.8,0.4,0.52,0.376,0.679,3.0,0.069,2022
316,2nd,Chris Duarte,24.0,IND,52.0,200.0,0.26,0.0,52.0,55.0,28.0,13.1,4.1,2.1,1.0,0.2,0.432,0.369,0.804,0.9,0.029,2022
318,ORV,Jonathan Kuminga,19.0,GSW,47.0,200.0,0.235,0.0,47.0,70.0,16.9,9.3,3.3,0.9,0.4,0.3,0.513,0.336,0.684,3.0,0.123,2022
319,ORV,Davion Mitchell,23.0,SAC,28.0,200.0,0.14,0.0,28.0,75.0,27.7,11.5,2.2,4.2,0.7,0.3,0.418,0.316,0.659,0.1,0.003,2022
320,ORV,Alperen Sengun,19.0,HOU,13.0,200.0,0.065,0.0,13.0,72.0,20.7,9.6,5.5,2.6,0.8,0.9,0.474,0.248,0.711,2.1,0.068,2022
321,ORV,Jalen Suggs,20.0,ORL,6.0,200.0,0.03,0.0,6.0,48.0,27.2,11.8,3.6,4.4,1.2,0.4,0.361,0.214,0.773,-1.6,-0.06,2022
322,ORV,Ziaire Williams,20.0,MEM,5.0,200.0,0.025,0.0,5.0,62.0,21.7,8.1,2.1,1.0,0.6,0.2,0.45,0.314,0.782,2.2,0.08,2022
323,ORV,Jose Alvarado,23.0,NOP,2.0,200.0,0.01,0.0,2.0,54.0,15.4,6.1,1.9,2.8,1.3,0.1,0.446,0.291,0.679,2.1,0.121,2022
324,ORV,Austin Reaves,23.0,LAL,2.0,200.0,0.01,0.0,2.0,61.0,23.2,7.3,3.2,1.8,0.5,0.3,0.459,0.317,0.839,2.9,0.097,2022
325,ORV,Josh Christopher,20.0,HOU,1.0,200.0,0.005,0.0,1.0,74.0,18.0,7.9,2.5,2.0,0.9,0.2,0.448,0.296,0.735,0.3,0.01,2022
326,ORV,Trey Murphy III,21.0,NOP,1.0,200.0,0.005,0.0,1.0,62.0,13.9,5.4,2.4,0.6,0.4,0.1,0.394,0.382,0.882,1.9,0.104,2022
327,ORV,Cam Thomas,20.0,BRK,1.0,200.0,0.005,0.0,1.0,67.0,17.6,8.5,2.4,1.2,0.5,0.1,0.433,0.27,0.829,0.8,0.033,2022
328,1st,Paolo Banchero,20.0,ORL,200.0,200.0,1.0,100.0,0.0,72.0,33.8,20.0,6.9,3.7,0.8,0.5,0.427,0.298,0.738,2.4,0.047,2023
329,1st,Jalen Williams,21.0,OKC,199.0,200.0,0.995,99.0,1.0,75.0,30.3,14.1,4.5,3.3,1.4,0.5,0.521,0.356,0.812,5.6,0.119,2023
330,1st,Walker Kessler,21.0,UTA,195.0,200.0,0.975,95.0,5.0,74.0,23.0,9.2,8.4,0.9,0.4,2.3,0.72,0.333,0.516,7.1,0.2,2023
331,1st,Keegan Murray,22.0,SAC,185.0,200.0,0.925,88.0,9.0,80.0,29.8,12.2,4.6,1.2,0.8,0.5,0.453,0.411,0.765,4.3,0.087,2023
332,1st,Bennedict Mathurin,20.0,IND,170.0,200.0,0.85,71.0,28.0,78.0,28.5,16.7,4.1,1.5,0.6,0.2,0.434,0.323,0.828,1.8,0.038,2023
334,2nd,Jaden Ivey,20.0,DET,142.0,200.0,0.71,43.0,56.0,74.0,31.1,16.3,3.9,5.2,0.8,0.2,0.416,0.343,0.747,0.0,-0.001,2023
335,2nd,Jalen Duren,19.0,DET,85.0,200.0,0.425,0.0,85.0,67.0,24.9,9.1,8.9,1.1,0.7,0.9,0.648,0.0,0.611,4.5,0.129,2023
336,2nd,Jabari Smith Jr.,19.0,HOU,72.0,200.0,0.36,1.0,70.0,79.0,31.0,12.8,7.2,1.3,0.5,0.9,0.408,0.307,0.786,1.9,0.037,2023
337,2nd,Jeremy Sochan,19.0,SAS,66.0,200.0,0.33,0.0,66.0,56.0,26.0,11.0,5.3,2.5,0.8,0.4,0.453,0.246,0.698,0.2,0.005,2023
338,2nd,Tari Eason,21.0,HOU,47.0,200.0,0.235,2.0,43.0,82.0,21.5,9.3,6.0,1.1,1.2,0.6,0.448,0.343,0.752,2.6,0.07,2023
340,ORV,Andrew Nembhard,23.0,IND,46.0,200.0,0.23,0.0,46.0,75.0,27.6,9.5,2.7,4.5,0.9,0.2,0.441,0.35,0.79,1.2,0.029,2023
341,ORV,Shaedon Sharpe,19.0,POR,36.0,200.0,0.18,0.0,36.0,80.0,22.2,9.9,3.0,1.2,0.5,0.3,0.472,0.36,0.714,1.2,0.032,2023
342,ORV,AJ Griffin,19.0,ATL,26.0,200.0,0.13,0.0,26.0,72.0,19.5,8.9,2.1,1.0,0.6,0.2,0.465,0.39,0.894,2.2,0.075,2023
343,ORV,Christian Braun,21.0,DEN,12.0,200.0,0.06,0.0,12.0,76.0,15.5,4.7,2.4,0.8,0.5,0.2,0.495,0.354,0.625,1.9,0.079,2023
344,ORV,Jaylin Williams,20.0,OKC,7.0,200.0,0.035,1.0,5.0,49.0,18.7,5.9,4.9,1.6,0.6,0.2,0.436,0.407,0.704,1.9,0.099,2023
345,ORV,Jaden Hardy,20.0,DAL,4.0,200.0,0.02,0.0,4.0,48.0,14.8,8.8,1.9,1.4,0.4,0.1,0.438,0.404,0.823,0.7,0.048,2023
346,ORV,Mark Williams,21.0,CHO,2.0,200.0,0.01,0.0,2.0,43.0,19.3,9.0,7.1,0.4,0.7,1.0,0.637,,0.691,2.8,0.163,2023
347,ORV,MarJon Beauchamp,22.0,MIL,1.0,200.0,0.005,0.0,1.0,52.0,13.5,5.1,2.2,0.7,0.4,0.1,0.395,0.331,0.73,0.4,0.027,2023
348,ORV,Malaki Branham,19.0,SAS,0.0,200.0,0.0,0.0,3.0,66.0,23.5,10.2,2.7,1.9,0.5,0.1,0.44,0.302,0.829,-0.1,-0.004,2023
349,ORV,Dyson Daniels,19.0,NOP,0.0,200.0,0.0,0.0,2.0,59.0,17.7,3.8,3.2,2.3,0.7,0.2,0.418,0.314,0.65,1.3,0.061,2023
350,1st,Chet Holmgren,21.0,OKC,198.0,198.0,1.0,99.0,0.0,82.0,29.4,16.5,7.9,2.4,0.6,2.3,0.53,0.37,0.793,8.9,0.178,2024
351,1st,Victor Wembanyama,20.0,SAS,198.0,198.0,1.0,99.0,0.0,71.0,29.7,21.4,10.6,3.9,1.2,3.6,0.465,0.325,0.796,3.7,0.085,2024
352,1st,Brandon Miller,21.0,CHO,195.0,198.0,0.985,97.0,1.0,74.0,32.2,17.3,4.3,2.4,0.9,0.6,0.44,0.373,0.827,0.8,0.015,2024
353,1st,Jaime Jaquez Jr.,22.0,MIA,188.0,198.0,0.949,89.0,10.0,75.0,28.2,11.9,3.8,2.6,1.0,0.3,0.489,0.322,0.811,4.0,0.092,2024
354,1st,Brandin Podziemski,20.0,GSW,161.0,198.0,0.813,64.0,33.0,74.0,26.6,9.2,5.8,3.7,0.8,0.2,0.454,0.385,0.633,4.1,0.1,2024
356,2nd,Dereck Lively II,19.0,DAL,119.0,198.0,0.601,26.0,67.0,55.0,23.5,8.8,6.9,1.1,0.7,1.4,0.747,0.0,0.506,4.9,0.183,2024
357,2nd,Amen Thompson,21.0,HOU,100.0,198.0,0.505,10.0,80.0,62.0,22.4,9.5,6.6,2.6,1.3,0.6,0.536,0.138,0.684,4.3,0.149,2024
358,2nd,Keyonte George,20.0,UTA,77.0,198.0,0.389,3.0,71.0,75.0,27.0,13.0,2.8,4.4,0.5,0.1,0.391,0.334,0.848,-0.3,-0.008,2024
359,2nd,Cason Wallace,20.0,OKC,67.0,198.0,0.338,2.0,63.0,82.0,20.6,6.8,2.3,1.5,0.9,0.5,0.491,0.419,0.784,4.0,0.115,2024
360,2nd,GG Jackson II,19.0,MEM,43.0,198.0,0.217,5.0,33.0,48.0,25.7,14.6,4.1,1.2,0.6,0.5,0.428,0.357,0.752,1.2,0.048,2024
362,ORV,Trayce Jackson-Davis,23.0,GSW,42.0,198.0,0.212,0.0,42.0,68.0,16.6,7.9,5.0,1.2,0.4,1.1,0.702,0.0,0.561,4.8,0.205,2024
363,ORV,Ausar Thompson,21.0,DET,35.0,198.0,0.177,0.0,35.0,63.0,25.1,8.8,6.4,1.9,1.1,0.9,0.483,0.186,0.597,1.8,0.053,2024
364,ORV,Scoot Henderson,19.0,POR,33.0,198.0,0.167,1.0,31.0,62.0,28.5,14.0,3.1,5.4,0.8,0.2,0.385,0.325,0.819,-1.7,-0.045,2024
365,ORV,Bilal Coulibaly,19.0,WAS,14.0,198.0,0.071,0.0,14.0,63.0,27.2,8.4,4.1,1.7,0.9,0.8,0.435,0.346,0.702,0.4,0.013,2024
366,ORV,Gradey Dick,20.0,TOR,3.0,198.0,0.015,0.0,3.0,60.0,21.1,8.5,2.2,1.1,0.6,0.0,0.425,0.365,0.863,0.3,0.01,2024
367,ORV,Cam Whitmore,19.0,HOU,3.0,198.0,0.015,0.0,3.0,47.0,18.7,12.3,3.8,0.7,0.6,0.4,0.454,0.359,0.679,1.5,0.082,2024
368,ORV,Toumani Camara,23.0,POR,2.0,198.0,0.01,0.0,2.0,70.0,24.8,7.5,4.9,1.2,0.9,0.5,0.45,0.337,0.758,2.0,0.055,2024
369,ORV,Jordan Hawkins,21.0,NOP,2.0,198.0,0.01,0.0,2.0,67.0,17.3,7.8,2.2,1.0,0.3,0.1,0.382,0.366,0.838,1.3,0.053,2024
370,ORV,Duop Reath,27.0,POR,2.0,198.0,0.01,0.0,2.0,68.0,17.9,9.1,3.7,1.0,0.5,0.6,0.461,0.359,0.742,2.4,0.095,2024
371,ORV,Anthony Black,20.0,ORL,1.0,198.0,0.005,0.0,1.0,69.0,16.9,4.6,2.0,1.3,0.5,0.3,0.466,0.394,0.613,1.6,0.067,2024
372,ORV,Marcus Sasser,23.0,DET,1.0,198.0,0.005,0.0,1.0,71.0,19.0,8.3,1.8,3.3,0.6,0.2,0.428,0.375,0.879,0.9,0.033,2024
